K,Source Device ID,Time_90,Chunk Copies,% Devices Reached
40,3476,inf,942,54.730
40,11071,inf,210,12.246
40,155,inf,1257,73.012
40,1598,inf,169,9.867
40,8344,inf,622,36.158
40,2046,inf,1468,85.258
40,7393,inf,375,21.822
40,8350,inf,622,36.158
40,1325,inf,1360,78.990
40,9334,inf,146,8.532
40,1977,inf,1423,82.647
40,1059,inf,1447,84.039
40,706,inf,947,55.020
40,8757,inf,667,38.770
40,20,inf,1447,84.039
40,2812,inf,1305,75.798
40,2057,inf,1159,67.324
40,11056,inf,171,9.983
40,11560,inf,545,31.689
40,157,inf,1258,73.070
40,762,inf,898,52.176
40,1117,inf,749,43.529
40,2620,inf,1341,77.887
40,3279,inf,1171,68.021
40,8736,inf,668,38.828
40,5687,inf,1362,79.106
40,1452,inf,279,16.251
40,2631,inf,1294,75.160
40,6812,inf,1099,63.842
40,4705,inf,1147,66.628
40,6561,inf,1429,82.995
40,1040,inf,933,54.208
40,7241,inf,939,54.556
40,858,inf,1404,81.544
40,10435,inf,685,39.814
40,8384,inf,623,36.216
40,1071,inf,798,46.373
40,1394,inf,1199,69.646
40,792,inf,632,36.738
40,7779,inf,1467,85.200
40,10690,inf,1370,79.571
40,1356,inf,1232,71.561
40,8481,inf,143,8.358
40,11867,inf,10,0.638
40,4571,inf,142,8.299
40,9822,inf,630,36.622
40,8348,inf,622,36.158
40,4808,inf,956,55.543
40,8315,inf,629,36.564
40,541,inf,1477,85.781
40,2452,inf,864,50.203
40,265,inf,1209,70.226
40,2613,inf,1341,77.887
40,11870,inf,10,0.638
40,5349,inf,808,46.953
40,1189,inf,899,52.234
40,4702,inf,1020,59.257
40,2616,inf,1342,77.945
40,7261,inf,940,54.614
40,2683,inf,1324,76.901
40,4720,inf,1010,58.677
40,1208,inf,898,52.176
40,9547,inf,386,22.461
40,2205,inf,1471,85.432
40,7588,inf,1477,85.781
40,1400,inf,405,23.564
40,6676,inf,1401,81.370
40,1244,inf,638,37.086
40,6610,inf,1415,82.182
40,206,inf,1228,71.329
40,135,inf,1259,73.128
40,3289,inf,1127,65.467
40,2553,inf,849,49.333
40,4044,inf,1433,83.227
40,41,inf,1484,86.187
40,250,inf,1247,72.432
40,8368,inf,625,36.332
40,8487,inf,142,8.299
40,1470,inf,279,16.251
40,2671,inf,1403,81.486
40,7419,inf,359,20.894
40,317,inf,1181,68.601
40,961,inf,1429,82.995
40,11102,inf,209,12.188
40,6064,inf,1236,71.793
40,638,inf,1182,68.659
40,280,inf,1209,70.226
40,9569,inf,15,0.929
40,1655,inf,140,8.183
40,8760,inf,667,38.770
40,100,inf,1460,84.794
40,553,inf,1459,84.736
40,7243,inf,939,54.556
40,846,inf,1465,85.084
40,1053,inf,1438,83.517
40,525,inf,1153,66.976
40,10976,inf,451,26.233
40,8264,inf,955,55.485
40,4463,inf,159,9.286
40,3481,inf,894,51.944
41,3476,inf,945,54.904
41,11071,inf,212,12.362
41,155,inf,1265,73.476
41,1598,inf,170,9.925
41,8344,inf,626,36.390
41,2046,inf,1483,86.129
41,7393,inf,377,21.938
41,8350,inf,626,36.390
41,1325,inf,1369,79.512
41,9334,inf,147,8.590
41,1977,inf,1439,83.575
41,1059,inf,1463,84.968
41,706,inf,950,55.194
41,8757,inf,671,39.002
41,20,inf,1461,84.852
41,2812,inf,1312,76.204
41,2057,inf,1167,67.789
41,11056,inf,192,11.201
41,11560,inf,548,31.863
41,157,inf,1266,73.535
41,762,inf,902,52.409
41,1117,inf,755,43.877
41,2620,inf,1352,78.526
41,3279,inf,1177,68.369
41,8736,inf,672,39.060
41,5687,inf,1372,79.687
41,1452,inf,282,16.425
41,2631,inf,1306,75.856
41,6812,inf,1106,64.248
41,4705,inf,1154,67.034
41,6561,inf,1446,83.981
41,1040,inf,936,54.382
41,7241,inf,945,54.904
41,858,inf,1420,82.472
41,10435,inf,688,39.988
41,8384,inf,627,36.448
41,1071,inf,805,46.779
41,1394,inf,1204,69.936
41,792,inf,636,36.970
41,7779,inf,1480,85.955
41,10690,inf,1380,80.151
41,1356,inf,1240,72.026
41,8481,inf,143,8.358
41,11867,inf,10,0.638
41,4571,inf,142,8.299
41,9822,inf,634,36.854
41,8348,inf,626,36.390
41,4808,inf,959,55.717
41,8315,inf,633,36.796
41,541,inf,1489,86.477
41,2452,inf,868,50.435
41,265,inf,1216,70.633
41,2613,inf,1352,78.526
41,11870,inf,10,0.638
41,5349,inf,814,47.301
41,1189,inf,903,52.467
41,4702,inf,1024,59.489
41,2616,inf,1352,78.526
41,7261,inf,946,54.962
41,2683,inf,1332,77.365
41,4720,inf,1013,58.851
41,1208,inf,902,52.409
41,9547,inf,388,22.577
41,2205,inf,1483,86.129
41,7588,inf,1490,86.535
41,1400,inf,408,23.738
41,6676,inf,1416,82.240
41,1244,inf,642,37.319
41,6610,inf,1431,83.111
41,206,inf,1235,71.735
41,135,inf,1268,73.651
41,3289,inf,1134,65.873
41,2553,inf,853,49.565
41,4044,inf,1447,84.039
41,41,inf,1495,86.825
41,250,inf,1256,72.954
41,8368,inf,630,36.622
41,8487,inf,142,8.299
41,1470,inf,282,16.425
41,2671,inf,1420,82.472
41,7419,inf,361,21.010
41,317,inf,1189,69.066
41,961,inf,1443,83.807
41,11102,inf,211,12.304
41,6064,inf,1245,72.316
41,638,inf,1188,69.008
41,280,inf,1215,70.575
41,9569,inf,15,0.929
41,1655,inf,141,8.241
41,8760,inf,671,39.002
41,100,inf,1474,85.607
41,553,inf,1473,85.548
41,7243,inf,945,54.904
41,846,inf,1476,85.723
41,1053,inf,1450,84.214
41,525,inf,1160,67.382
41,10976,inf,454,26.407
41,8264,inf,959,55.717
41,4463,inf,159,9.286
41,3481,inf,898,52.176
42,3476,inf,949,55.136
42,11071,inf,214,12.478
42,155,inf,1270,73.767
42,1598,inf,171,9.983
42,8344,inf,630,36.622
42,2046,inf,1495,86.825
42,7393,inf,379,22.055
42,8350,inf,630,36.622
42,1325,inf,1378,80.035
42,9334,inf,148,8.648
42,1977,inf,1454,84.446
42,1059,inf,1477,85.781
42,706,inf,954,55.427
42,8757,inf,675,39.234
42,20,inf,1471,85.432
42,2812,inf,1319,76.611
42,2057,inf,1172,68.079
42,11056,inf,193,11.259
42,11560,inf,551,32.037
42,157,inf,1272,73.883
42,762,inf,905,52.583
42,1117,inf,759,44.109
42,2620,inf,1364,79.222
42,3279,inf,1183,68.717
42,8736,inf,676,39.292
42,5687,inf,1383,80.325
42,1452,inf,285,16.599
42,2631,inf,1317,76.494
42,6812,inf,1112,64.597
42,4705,inf,1161,67.441
42,6561,inf,1459,84.736
42,1040,inf,940,54.614
42,7241,inf,951,55.252
42,858,inf,1431,83.111
42,10435,inf,695,40.395
42,8384,inf,631,36.680
42,1071,inf,811,47.127
42,1394,inf,1211,70.342
42,792,inf,639,37.145
42,7779,inf,1491,86.593
42,10690,inf,1391,80.789
42,1356,inf,1248,72.490
42,8481,inf,143,8.358
42,11867,inf,10,0.638
42,4571,inf,142,8.299
42,9822,inf,637,37.028
42,8348,inf,630,36.622
42,4808,inf,962,55.891
42,8315,inf,638,37.086
42,541,inf,1501,87.174
42,2452,inf,872,50.667
42,265,inf,1224,71.097
42,2613,inf,1364,79.222
42,11870,inf,10,0.638
42,5349,inf,818,47.533
42,1189,inf,910,52.873
42,4702,inf,1031,59.896
42,2616,inf,1364,79.222
42,7261,inf,952,55.311
42,2683,inf,1340,77.829
42,4720,inf,1017,59.083
42,1208,inf,906,52.641
42,9547,inf,389,22.635
42,2205,inf,1495,86.825
42,7588,inf,1502,87.232
42,1400,inf,410,23.854
42,6676,inf,1430,83.053
42,1244,inf,646,37.551
42,6610,inf,1446,83.981
42,206,inf,1244,72.258
42,135,inf,1279,74.289
42,3289,inf,1139,66.164
42,2553,inf,855,49.681
42,4044,inf,1457,84.620
42,41,inf,1506,87.464
42,250,inf,1263,73.360
42,8368,inf,633,36.796
42,8487,inf,142,8.299
42,1470,inf,285,16.599
42,2671,inf,1434,83.285
42,7419,inf,363,21.126
42,317,inf,1195,69.414
42,961,inf,1456,84.562
42,11102,inf,212,12.362
42,6064,inf,1252,72.722
42,638,inf,1194,69.356
42,280,inf,1221,70.923
42,9569,inf,15,0.929
42,1655,inf,141,8.241
42,8760,inf,675,39.234
42,100,inf,1483,86.129
42,553,inf,1486,86.303
42,7243,inf,951,55.252
42,846,inf,1486,86.303
42,1053,inf,1462,84.910
42,525,inf,1167,67.789
42,10976,inf,457,26.582
42,8264,inf,963,55.949
42,4463,inf,159,9.286
42,3481,inf,902,52.409
43,3476,inf,953,55.369
43,11071,inf,216,12.594
43,155,inf,1279,74.289
43,1598,inf,172,10.041
43,8344,inf,633,36.796
43,2046,inf,1505,87.406
43,7393,inf,380,22.113
43,8350,inf,633,36.796
43,1325,inf,1387,80.557
43,9334,inf,149,8.706
43,1977,inf,1465,85.084
43,1059,inf,1491,86.593
43,706,inf,958,55.659
43,8757,inf,680,39.524
43,20,inf,1482,86.071
43,2812,inf,1325,76.959
43,2057,inf,1178,68.427
43,11056,inf,194,11.317
43,11560,inf,554,32.211
43,157,inf,1280,74.347
43,762,inf,908,52.757
43,1117,inf,764,44.399
43,2620,inf,1376,79.919
43,3279,inf,1188,69.008
43,8736,inf,681,39.582
43,5687,inf,1392,80.847
43,1452,inf,288,16.773
43,2631,inf,1322,76.785
43,6812,inf,1117,64.887
43,4705,inf,1169,67.905
43,6561,inf,1470,85.374
43,1040,inf,944,54.846
43,7241,inf,957,55.601
43,858,inf,1440,83.633
43,10435,inf,699,40.627
43,8384,inf,635,36.912
43,1071,inf,816,47.417
43,1394,inf,1216,70.633
43,792,inf,643,37.377
43,7779,inf,1504,87.348
43,10690,inf,1400,81.312
43,1356,inf,1253,72.780
43,8481,inf,143,8.358
43,11867,inf,10,0.638
43,4571,inf,142,8.299
43,9822,inf,641,37.261
43,8348,inf,633,36.796
43,4808,inf,965,56.065
43,8315,inf,643,37.377
43,541,inf,1512,87.812
43,2452,inf,874,50.784
43,265,inf,1232,71.561
43,2613,inf,1376,79.919
43,11870,inf,10,0.638
43,5349,inf,823,47.824
43,1189,inf,914,53.105
43,4702,inf,1037,60.244
43,2616,inf,1376,79.919
43,7261,inf,958,55.659
43,2683,inf,1349,78.352
43,4720,inf,1022,59.373
43,1208,inf,909,52.815
43,9547,inf,389,22.635
43,2205,inf,1508,87.580
43,7588,inf,1512,87.812
43,1400,inf,411,23.912
43,6676,inf,1442,83.749
43,1244,inf,657,38.189
43,6610,inf,1456,84.562
43,206,inf,1252,72.722
43,135,inf,1289,74.869
43,3289,inf,1145,66.512
43,2553,inf,859,49.913
43,4044,inf,1470,85.374
43,41,inf,1516,88.044
43,250,inf,1269,73.709
43,8368,inf,637,37.028
43,8487,inf,142,8.299
43,1470,inf,288,16.773
43,2671,inf,1445,83.923
43,7419,inf,364,21.184
43,317,inf,1201,69.762
43,961,inf,1469,85.316
43,11102,inf,214,12.478
43,6064,inf,1261,73.244
43,638,inf,1198,69.588
43,280,inf,1228,71.329
43,9569,inf,15,0.929
43,1655,inf,141,8.241
43,8760,inf,680,39.524
43,100,inf,1492,86.651
43,553,inf,1499,87.057
43,7243,inf,957,55.601
43,846,inf,1496,86.883
43,1053,inf,1475,85.665
43,525,inf,1174,68.195
43,10976,inf,460,26.756
43,8264,inf,966,56.123
43,4463,inf,159,9.286
43,3481,inf,905,52.583
44,3476,inf,957,55.601
44,11071,inf,218,12.710
44,155,inf,1288,74.811
44,1598,inf,173,10.099
44,8344,inf,638,37.086
44,2046,inf,1514,87.928
44,7393,inf,380,22.113
44,8350,inf,638,37.086
44,1325,inf,1396,81.080
44,9334,inf,149,8.706
44,1977,inf,1474,85.607
44,1059,inf,1502,87.232
44,706,inf,962,55.891
44,8757,inf,684,39.756
44,20,inf,1494,86.767
44,2812,inf,1334,77.481
44,2057,inf,1186,68.891
44,11056,inf,219,12.768
44,11560,inf,557,32.385
44,157,inf,1289,74.869
44,762,inf,912,52.989
44,1117,inf,767,44.573
44,2620,inf,1387,80.557
44,3279,inf,1194,69.356
44,8736,inf,685,39.814
44,5687,inf,1399,81.254
44,1452,inf,291,16.947
44,2631,inf,1329,77.191
44,6812,inf,1123,65.235
44,4705,inf,1175,68.253
44,6561,inf,1479,85.897
44,1040,inf,947,55.020
44,7241,inf,963,55.949
44,858,inf,1449,84.156
44,10435,inf,703,40.859
44,8384,inf,637,37.028
44,1071,inf,820,47.649
44,1394,inf,1222,70.981
44,792,inf,648,37.667
44,7779,inf,1515,87.986
44,10690,inf,1407,81.718
44,1356,inf,1259,73.128
44,8481,inf,143,8.358
44,11867,inf,10,0.638
44,4571,inf,142,8.299
44,9822,inf,645,37.493
44,8348,inf,638,37.086
44,4808,inf,969,56.297
44,8315,inf,647,37.609
44,541,inf,1523,88.450
44,2452,inf,877,50.958
44,265,inf,1239,71.967
44,2613,inf,1387,80.557
44,11870,inf,10,0.638
44,5349,inf,827,48.056
44,1189,inf,919,53.395
44,4702,inf,1043,60.592
44,2616,inf,1387,80.557
44,7261,inf,964,56.007
44,2683,inf,1358,78.874
44,4720,inf,1027,59.663
44,1208,inf,913,53.047
44,9547,inf,389,22.635
44,2205,inf,1520,88.276
44,7588,inf,1524,88.508
44,1400,inf,413,24.028
44,6676,inf,1452,84.330
44,1244,inf,661,38.421
44,6610,inf,1465,85.084
44,206,inf,1259,73.128
44,135,inf,1297,75.334
44,3289,inf,1151,66.860
44,2553,inf,863,50.145
44,4044,inf,1482,86.071
44,41,inf,1527,88.683
44,250,inf,1278,74.231
44,8368,inf,641,37.261
44,8487,inf,142,8.299
44,1470,inf,291,16.947
44,2671,inf,1457,84.620
44,7419,inf,364,21.184
44,317,inf,1206,70.052
44,961,inf,1481,86.013
44,11102,inf,216,12.594
44,6064,inf,1269,73.709
44,638,inf,1204,69.936
44,280,inf,1235,71.735
44,9569,inf,15,0.929
44,1655,inf,162,9.460
44,8760,inf,684,39.756
44,100,inf,1502,87.232
44,553,inf,1509,87.638
44,7243,inf,963,55.949
44,846,inf,1507,87.522
44,1053,inf,1488,86.419
44,525,inf,1183,68.717
44,10976,inf,462,26.872
44,8264,inf,970,56.355
44,4463,inf,159,9.286
44,3481,inf,909,52.815
45,3476,inf,961,55.833
45,11071,inf,220,12.826
45,155,inf,1296,75.276
45,1598,inf,174,10.157
45,8344,inf,643,37.377
45,2046,inf,1522,88.392
45,7393,inf,380,22.113
45,8350,inf,643,37.377
45,1325,inf,1403,81.486
45,9334,inf,149,8.706
45,1977,inf,1486,86.303
45,1059,inf,1512,87.812
45,706,inf,966,56.123
45,8757,inf,688,39.988
45,20,inf,1505,87.406
45,2812,inf,1341,77.887
45,2057,inf,1192,69.240
45,11056,inf,221,12.885
45,11560,inf,560,32.559
45,157,inf,1298,75.392
45,762,inf,916,53.221
45,1117,inf,771,44.806
45,2620,inf,1399,81.254
45,3279,inf,1199,69.646
45,8736,inf,689,40.046
45,5687,inf,1406,81.660
45,1452,inf,294,17.121
45,2631,inf,1357,78.816
45,6812,inf,1128,65.525
45,4705,inf,1181,68.601
45,6561,inf,1492,86.651
45,1040,inf,951,55.252
45,7241,inf,969,56.297
45,858,inf,1461,84.852
45,10435,inf,706,41.033
45,8384,inf,640,37.203
45,1071,inf,824,47.882
45,1394,inf,1228,71.329
45,792,inf,652,37.899
45,7779,inf,1524,88.508
45,10690,inf,1415,82.182
45,1356,inf,1265,73.476
45,8481,inf,143,8.358
45,11867,inf,10,0.638
45,4571,inf,142,8.299
45,9822,inf,649,37.725
45,8348,inf,643,37.377
45,4808,inf,973,56.529
45,8315,inf,651,37.841
45,541,inf,1531,88.915
45,2452,inf,881,51.190
45,265,inf,1247,72.432
45,2613,inf,1399,81.254
45,11870,inf,10,0.638
45,5349,inf,831,48.288
45,1189,inf,924,53.685
45,4702,inf,1049,60.940
45,2616,inf,1399,81.254
45,7261,inf,970,56.355
45,2683,inf,1365,79.280
45,4720,inf,1031,59.896
45,1208,inf,917,53.279
45,9547,inf,389,22.635
45,2205,inf,1529,88.799
45,7588,inf,1534,89.089
45,1400,inf,415,24.144
45,6676,inf,1462,84.910
45,1244,inf,665,38.654
45,6610,inf,1478,85.839
45,206,inf,1266,73.535
45,135,inf,1302,75.624
45,3289,inf,1158,67.266
45,2553,inf,867,50.377
45,4044,inf,1495,86.825
45,41,inf,1535,89.147
45,250,inf,1284,74.579
45,8368,inf,645,37.493
45,8487,inf,142,8.299
45,1470,inf,294,17.121
45,2671,inf,1466,85.142
45,7419,inf,364,21.184
45,317,inf,1212,70.400
45,961,inf,1491,86.593
45,11102,inf,218,12.710
45,6064,inf,1275,74.057
45,638,inf,1210,70.284
45,280,inf,1242,72.142
45,9569,inf,15,0.929
45,1655,inf,169,9.867
45,8760,inf,688,39.988
45,100,inf,1510,87.696
45,553,inf,1518,88.160
45,7243,inf,969,56.297
45,846,inf,1515,87.986
45,1053,inf,1501,87.174
45,525,inf,1188,69.008
45,10976,inf,464,26.988
45,8264,inf,974,56.587
45,4463,inf,159,9.286
45,3481,inf,913,53.047
46,3476,inf,965,56.065
46,11071,inf,222,12.943
46,155,inf,1304,75.740
46,1598,inf,175,10.215
46,8344,inf,647,37.609
46,2046,inf,1531,88.915
46,7393,inf,380,22.113
46,8350,inf,647,37.609
46,1325,inf,1408,81.776
46,9334,inf,149,8.706
46,1977,inf,1493,86.709
46,1059,inf,1522,88.392
46,706,inf,970,56.355
46,8757,inf,692,40.221
46,20,inf,1514,87.928
46,2812,inf,1347,78.236
46,2057,inf,1198,69.588
46,11056,inf,223,13.001
46,11560,inf,563,32.734
46,157,inf,1305,75.798
46,762,inf,921,53.511
46,1117,inf,775,45.038
46,2620,inf,1409,81.834
46,3279,inf,1205,69.994
46,8736,inf,693,40.279
46,5687,inf,1414,82.124
46,1452,inf,297,17.295
46,2631,inf,1363,79.164
46,6812,inf,1134,65.873
46,4705,inf,1187,68.950
46,6561,inf,1502,87.232
46,1040,inf,955,55.485
46,7241,inf,975,56.645
46,858,inf,1473,85.548
46,10435,inf,710,41.265
46,8384,inf,643,37.377
46,1071,inf,827,48.056
46,1394,inf,1234,71.677
46,792,inf,656,38.131
46,7779,inf,1534,89.089
46,10690,inf,1420,82.472
46,1356,inf,1271,73.825
46,8481,inf,143,8.358
46,11867,inf,10,0.638
46,4571,inf,142,8.299
46,9822,inf,652,37.899
46,8348,inf,647,37.609
46,4808,inf,976,56.703
46,8315,inf,655,38.073
46,541,inf,1541,89.495
46,2452,inf,885,51.422
46,265,inf,1255,72.896
46,2613,inf,1409,81.834
46,11870,inf,10,0.638
46,5349,inf,834,48.462
46,1189,inf,929,53.976
46,4702,inf,1055,61.288
46,2616,inf,1409,81.834
46,7261,inf,976,56.703
46,2683,inf,1371,79.629
46,4720,inf,1034,60.070
46,1208,inf,921,53.511
46,9547,inf,389,22.635
46,2205,inf,1539,89.379
46,7588,inf,1545,89.727
46,1400,inf,417,24.260
46,6676,inf,1472,85.490
46,1244,inf,669,38.886
46,6610,inf,1488,86.419
46,206,inf,1275,74.057
46,135,inf,1309,76.030
46,3289,inf,1164,67.615
46,2553,inf,871,50.609
46,4044,inf,1506,87.464
46,41,inf,1544,89.669
46,250,inf,1289,74.869
46,8368,inf,648,37.667
46,8487,inf,142,8.299
46,1470,inf,297,17.295
46,2671,inf,1475,85.665
46,7419,inf,364,21.184
46,317,inf,1218,70.749
46,961,inf,1502,87.232
46,11102,inf,220,12.826
46,6064,inf,1281,74.405
46,638,inf,1216,70.633
46,280,inf,1248,72.490
46,9569,inf,15,0.929
46,1655,inf,169,9.867
46,8760,inf,692,40.221
46,100,inf,1519,88.218
46,553,inf,1526,88.624
46,7243,inf,975,56.645
46,846,inf,1525,88.566
46,1053,inf,1511,87.754
46,525,inf,1194,69.356
46,10976,inf,466,27.104
46,8264,inf,978,56.820
46,4463,inf,159,9.286
46,3481,inf,917,53.279
47,3476,inf,968,56.239
47,11071,inf,224,13.059
47,155,inf,1310,76.088
47,1598,inf,176,10.273
47,8344,inf,655,38.073
47,2046,inf,1542,89.553
47,7393,inf,380,22.113
47,8350,inf,655,38.073
47,1325,inf,1413,82.066
47,9334,inf,149,8.706
47,1977,inf,1500,87.115
47,1059,inf,1531,88.915
47,706,inf,974,56.587
47,8757,inf,697,40.511
47,20,inf,1523,88.450
47,2812,inf,1353,78.584
47,2057,inf,1204,69.936
47,11056,inf,225,13.117
47,11560,inf,566,32.908
47,157,inf,1312,76.204
47,762,inf,925,53.743
47,1117,inf,778,45.212
47,2620,inf,1415,82.182
47,3279,inf,1211,70.342
47,8736,inf,698,40.569
47,5687,inf,1420,82.472
47,1452,inf,300,17.470
47,2631,inf,1370,79.571
47,6812,inf,1140,66.222
47,4705,inf,1193,69.298
47,6561,inf,1509,87.638
47,1040,inf,959,55.717
47,7241,inf,982,57.052
47,858,inf,1480,85.955
47,10435,inf,714,41.497
47,8384,inf,647,37.609
47,1071,inf,830,48.230
47,1394,inf,1241,72.084
47,792,inf,660,38.363
47,7779,inf,1544,89.669
47,10690,inf,1425,82.763
47,1356,inf,1277,74.173
47,8481,inf,143,8.358
47,11867,inf,10,0.638
47,4571,inf,142,8.299
47,9822,inf,656,38.131
47,8348,inf,655,38.073
47,4808,inf,979,56.878
47,8315,inf,665,38.654
47,541,312006,1551,90.075
47,2452,inf,889,51.654
47,265,inf,1262,73.302
47,2613,inf,1415,82.182
47,11870,inf,10,0.638
47,5349,inf,837,48.636
47,1189,inf,934,54.266
47,4702,inf,1062,61.695
47,2616,inf,1415,82.182
47,7261,inf,981,56.994
47,2683,inf,1377,79.977
47,4720,inf,1038,60.302
47,1208,inf,926,53.802
47,9547,inf,389,22.635
47,2205,313311,1550,90.017
47,7588,308072,1555,90.308
47,1400,inf,419,24.376
47,6676,inf,1479,85.897
47,1244,inf,674,39.176
47,6610,inf,1495,86.825
47,206,inf,1282,74.463
47,135,inf,1316,76.436
47,3289,inf,1170,67.963
47,2553,inf,874,50.784
47,4044,inf,1516,88.044
47,41,309133,1554,90.250
47,250,inf,1295,75.218
47,8368,inf,651,37.841
47,8487,inf,142,8.299
47,1470,inf,300,17.470
47,2671,inf,1485,86.245
47,7419,inf,364,21.184
47,317,inf,1225,71.155
47,961,inf,1513,87.870
47,11102,inf,432,25.131
47,6064,inf,1288,74.811
47,638,inf,1222,70.981
47,280,inf,1255,72.896
47,9569,inf,15,0.929
47,1655,inf,170,9.925
47,8760,inf,697,40.511
47,100,inf,1528,88.741
47,553,inf,1535,89.147
47,7243,inf,982,57.052
47,846,inf,1535,89.147
47,1053,inf,1524,88.508
47,525,inf,1197,69.530
47,10976,inf,468,27.220
47,8264,inf,982,57.052
47,4463,inf,159,9.286
47,3481,inf,921,53.511
48,3476,inf,972,56.471
48,11071,inf,225,13.117
48,155,inf,1319,76.611
48,1598,inf,177,10.331
48,8344,inf,658,38.247
48,2046,309133,1553,90.192
48,7393,inf,380,22.113
48,8350,inf,658,38.247
48,1325,inf,1418,82.356
48,9334,inf,149,8.706
48,1977,inf,1510,87.696
48,1059,inf,1543,89.611
48,706,inf,978,56.820
48,8757,inf,700,40.685
48,20,inf,1533,89.031
48,2812,inf,1359,78.932
48,2057,inf,1210,70.284
48,11056,inf,227,13.233
48,11560,inf,569,33.082
48,157,inf,1321,76.727
48,762,inf,928,53.918
48,1117,inf,782,45.444
48,2620,inf,1446,83.981
48,3279,inf,1218,70.749
48,8736,inf,701,40.743
48,5687,inf,1425,82.763
48,1452,inf,303,17.644
48,2631,inf,1388,80.615
48,6812,inf,1146,66.570
48,4705,inf,1199,69.646
48,6561,inf,1517,88.102
48,1040,inf,963,55.949
48,7241,inf,988,57.400
48,858,inf,1486,86.303
48,10435,inf,719,41.788
48,8384,inf,650,37.783
48,1071,inf,833,48.404
48,1394,inf,1248,72.490
48,792,inf,668,38.828
48,7779,308072,1556,90.366
48,10690,inf,1431,83.111
48,1356,inf,1283,74.521
48,8481,inf,143,8.358
48,11867,inf,10,0.638
48,4571,inf,142,8.299
48,9822,inf,659,38.305
48,8348,inf,658,38.247
48,4808,inf,982,57.052
48,8315,inf,669,38.886
48,541,302255,1563,90.772
48,2452,inf,892,51.828
48,265,inf,1270,73.767
48,2613,inf,1424,82.705
48,11870,inf,10,0.638
48,5349,inf,840,48.810
48,1189,inf,938,54.498
48,4702,inf,1068,62.043
48,2616,inf,1424,82.705
48,7261,inf,985,57.226
48,2683,inf,1383,80.325
48,4720,inf,1043,60.592
48,1208,inf,929,53.976
48,9547,inf,389,22.635
48,2205,302255,1563,90.772
48,7588,297963,1568,91.062
48,1400,inf,421,24.492
48,6676,inf,1489,86.477
48,1244,inf,678,39.408
48,6610,inf,1505,87.406
48,206,inf,1290,74.927
48,135,inf,1324,76.901
48,3289,inf,1176,68.311
48,2553,inf,877,50.958
48,4044,inf,1526,88.624
48,41,298098,1566,90.946
48,250,inf,1302,75.624
48,8368,inf,654,38.015
48,8487,inf,142,8.299
48,1470,inf,303,17.644
48,2671,inf,1492,86.651
48,7419,inf,364,21.184
48,317,inf,1231,71.503
48,961,inf,1525,88.566
48,11102,inf,433,25.189
48,6064,inf,1295,75.218
48,638,inf,1228,71.329
48,280,inf,1261,73.244
48,9569,inf,15,0.929
48,1655,inf,171,9.983
48,8760,inf,700,40.685
48,100,inf,1539,89.379
48,553,inf,1547,89.843
48,7243,inf,988,57.400
48,846,inf,1547,89.843
48,1053,inf,1535,89.147
48,525,inf,1201,69.762
48,10976,inf,470,27.336
48,8264,inf,986,57.284
48,4463,inf,159,9.286
48,3481,inf,924,53.685
49,3476,inf,976,56.703
49,11071,inf,227,13.233
49,155,inf,1326,77.017
49,1598,inf,178,10.389
49,8344,inf,661,38.421
49,2046,302255,1562,90.714
49,7393,inf,380,22.113
49,8350,inf,661,38.421
49,1325,inf,1422,82.589
49,9334,inf,149,8.706
49,1977,inf,1518,88.160
49,1059,309133,1554,90.250
49,706,inf,982,57.052
49,8757,inf,704,40.917
49,20,inf,1543,89.611
49,2812,inf,1366,79.338
49,2057,inf,1216,70.633
49,11056,inf,229,13.349
49,11560,inf,572,33.256
49,157,inf,1328,77.133
49,762,inf,932,54.150
49,1117,inf,785,45.618
49,2620,inf,1455,84.504
49,3279,inf,1225,71.155
49,8736,inf,705,40.975
49,5687,inf,1430,83.053
49,1452,inf,306,17.818
49,2631,inf,1396,81.080
49,6812,inf,1152,66.918
49,4705,inf,1205,69.994
49,6561,inf,1524,88.508
49,1040,inf,966,56.123
49,7241,inf,994,57.748
49,858,inf,1493,86.709
49,10435,inf,722,41.962
49,8384,inf,652,37.899
49,1071,inf,837,48.636
49,1394,inf,1254,72.838
49,792,inf,672,39.060
49,7779,298098,1565,90.888
49,10690,inf,1437,83.459
49,1356,inf,1288,74.811
49,8481,inf,143,8.358
49,11867,inf,10,0.638
49,4571,inf,142,8.299
49,9822,inf,663,38.537
49,8348,inf,661,38.421
49,4808,inf,985,57.226
49,8315,inf,673,39.118
49,541,277353,1572,91.294
49,2452,inf,895,52.002
49,265,inf,1276,74.115
49,2613,inf,1432,83.169
49,11870,inf,10,0.638
49,5349,inf,843,48.984
49,1189,inf,941,54.672
49,4702,inf,1074,62.391
49,2616,inf,1432,83.169
49,7261,inf,988,57.400
49,2683,inf,1390,80.731
49,4720,inf,1047,60.824
49,1208,inf,932,54.150
49,9547,inf,389,22.635
49,2205,277353,1572,91.294
49,7588,266279,1577,91.584
49,1400,inf,423,24.608
49,6676,inf,1496,86.883
49,1244,inf,682,39.640
49,6610,inf,1513,87.870
49,206,inf,1296,75.276
49,135,inf,1331,77.307
49,3289,inf,1181,68.601
49,2553,inf,880,51.132
49,4044,inf,1536,89.205
49,41,274483,1575,91.468
49,250,inf,1308,75.972
49,8368,inf,658,38.247
49,8487,inf,142,8.299
49,1470,inf,306,17.818
49,2671,inf,1498,86.999
49,7419,inf,364,21.184
49,317,inf,1237,71.851
49,961,inf,1536,89.205
49,11102,inf,434,25.247
49,6064,inf,1301,75.566
49,638,inf,1236,71.793
49,280,inf,1268,73.651
49,9569,inf,15,0.929
49,1655,inf,172,10.041
49,8760,inf,704,40.917
49,100,inf,1548,89.901
49,553,306768,1558,90.482
49,7243,inf,994,57.748
49,846,308072,1556,90.366
49,1053,inf,1545,89.727
49,525,inf,1205,69.994
49,10976,inf,472,27.452
49,8264,inf,990,57.516
49,4463,inf,159,9.286
49,3481,inf,927,53.860
50,3476,inf,980,56.936
50,11071,inf,228,13.291
50,155,inf,1332,77.365
50,1598,inf,179,10.447
50,8344,inf,664,38.595
50,2046,278018,1571,91.236
50,7393,inf,380,22.113
50,8350,inf,664,38.595
50,1325,inf,1428,82.937
50,9334,inf,149,8.706
50,1977,inf,1526,88.624
50,1059,301748,1564,90.830
50,706,inf,986,57.284
50,8757,inf,708,41.149
50,20,309133,1552,90.133
50,2812,inf,1371,79.629
50,2057,inf,1224,71.097
50,11056,inf,230,13.407
50,11560,inf,575,33.430
50,157,inf,1334,77.481
50,762,inf,935,54.324
50,1117,inf,788,45.792
50,2620,inf,1462,84.910
50,3279,inf,1232,71.561
50,8736,inf,709,41.207
50,5687,inf,1437,83.459
50,1452,inf,309,17.992
50,2631,inf,1404,81.544
50,6812,inf,1157,67.208
50,4705,inf,1211,70.342
50,6561,inf,1532,88.973
50,1040,inf,969,56.297
50,7241,inf,1000,58.096
50,858,inf,1500,87.115
50,10435,inf,725,42.136
50,8384,inf,655,38.073
50,1071,inf,840,48.810
50,1394,inf,1261,73.244
50,792,inf,675,39.234
50,7779,277353,1574,91.410
50,10690,inf,1442,83.749
50,1356,inf,1293,75.102
50,8481,inf,143,8.358
50,11867,inf,10,0.638
50,4571,inf,142,8.299
50,9822,inf,666,38.712
50,8348,inf,664,38.595
50,4808,inf,988,57.400
50,8315,inf,677,39.350
50,541,247912,1580,91.759
50,2452,inf,898,52.176
50,265,inf,1281,74.405
50,2613,inf,1439,83.575
50,11870,inf,10,0.638
50,5349,inf,846,49.158
50,1189,inf,944,54.846
50,4702,inf,1080,62.739
50,2616,inf,1439,83.575
50,7261,inf,992,57.632
50,2683,inf,1397,81.138
50,4720,inf,1051,61.056
50,1208,inf,935,54.324
50,9547,inf,389,22.635
50,2205,233749,1580,91.759
50,7588,224093,1586,92.107
50,1400,inf,425,24.724
50,6676,inf,1503,87.290
50,1244,inf,685,39.814
50,6610,inf,1521,88.334
50,206,inf,1301,75.566
50,135,inf,1339,77.771
50,3289,inf,1186,68.891
50,2553,inf,883,51.306
50,4044,inf,1545,89.727
50,41,229726,1584,91.991
50,250,inf,1314,76.320
50,8368,inf,661,38.421
50,8487,inf,142,8.299
50,1470,inf,309,17.992
50,2671,inf,1505,87.406
50,7419,inf,364,21.184
50,317,inf,1244,72.258
50,961,inf,1548,89.901
50,11102,inf,435,25.305
50,6064,inf,1308,75.972
50,638,inf,1243,72.200
50,280,inf,1274,73.999
50,9569,inf,15,0.929
50,1655,inf,174,10.157
50,8760,inf,708,41.149
50,100,308072,1556,90.366
50,553,297963,1568,91.062
50,7243,inf,1000,58.096
50,846,298098,1565,90.888
50,1053,309133,1554,90.250
50,525,inf,1209,70.226
50,10976,inf,474,27.568
50,8264,inf,995,57.806
50,4463,inf,159,9.286
50,3481,inf,930,54.034
51,3476,inf,985,57.226
51,11071,inf,230,13.407
51,155,inf,1338,77.713
51,1598,inf,180,10.505
51,8344,inf,667,38.770
51,2046,247912,1580,91.759
51,7393,inf,380,22.113
51,8350,inf,667,38.770
51,1325,inf,1435,83.343
51,9334,inf,149,8.706
51,1977,inf,1534,89.089
51,1059,277353,1572,91.294
51,706,inf,990,57.516
51,8757,inf,715,41.555
51,20,302255,1562,90.714
51,2812,inf,1375,79.861
51,2057,inf,1231,71.503
51,11056,inf,232,13.523
51,11560,inf,578,33.604
51,157,inf,1340,77.829
51,762,inf,940,54.614
51,1117,inf,791,45.966
51,2620,inf,1469,85.316
51,3279,inf,1236,71.793
51,8736,inf,716,41.613
51,5687,inf,1443,83.807
51,1452,inf,311,18.108
51,2631,inf,1410,81.892
51,6812,inf,1161,67.441
51,4705,inf,1217,70.691
51,6561,inf,1542,89.553
51,1040,inf,972,56.471
51,7241,inf,1006,58.445
51,858,inf,1508,87.580
51,10435,inf,728,42.310
51,8384,inf,658,38.247
51,1071,inf,843,48.984
51,1394,inf,1267,73.593
51,792,inf,679,39.466
51,7779,227512,1583,91.933
51,10690,inf,1448,84.098
51,1356,inf,1298,75.392
51,8481,inf,143,8.358
51,11867,inf,10,0.638
51,4571,inf,142,8.299
51,9822,inf,669,38.886
51,8348,inf,667,38.770
51,4808,inf,991,57.574
51,8315,inf,680,39.524
51,541,224093,1589,92.281
51,2452,inf,901,52.351
51,265,inf,1286,74.695
51,2613,inf,1447,84.039
51,11870,inf,10,0.638
51,5349,inf,849,49.333
51,1189,inf,947,55.020
51,4702,inf,1085,63.030
51,2616,inf,1447,84.039
51,7261,inf,997,57.922
51,2683,inf,1402,81.428
51,4720,inf,1054,61.230
51,1208,inf,938,54.498
51,9547,inf,389,22.635
51,2205,224093,1589,92.281
51,7588,222522,1594,92.571
51,1400,inf,427,24.840
51,6676,inf,1510,87.696
51,1244,inf,689,40.046
51,6610,inf,1531,88.915
51,206,inf,1307,75.914
51,135,inf,1346,78.178
51,3289,inf,1190,69.124
51,2553,inf,886,51.480
51,4044,308072,1555,90.308
51,41,224093,1593,92.513
51,250,inf,1320,76.669
51,8368,inf,663,38.537
51,8487,inf,142,8.299
51,1470,inf,312,18.166
51,2671,inf,1512,87.812
51,7419,inf,364,21.184
51,317,inf,1250,72.606
51,961,306119,1559,90.540
51,11102,inf,436,25.363
51,6064,inf,1317,76.494
51,638,inf,1248,72.490
51,280,inf,1280,74.347
51,9569,inf,15,0.929
51,1655,inf,174,10.157
51,8760,inf,715,41.555
51,100,302255,1563,90.772
51,553,270782,1577,91.584
51,7243,inf,1006,58.445
51,846,277353,1573,91.352
51,1053,302255,1562,90.714
51,525,inf,1213,70.459
51,10976,inf,475,27.626
51,8264,inf,999,58.038
51,4463,inf,159,9.286
51,3481,inf,934,54.266
52,3476,inf,988,57.400
52,11071,inf,232,13.523
52,155,inf,1344,78.062
52,1598,inf,181,10.563
52,8344,inf,670,38.944
52,2046,224414,1591,92.397
52,7393,inf,380,22.113
52,8350,inf,670,38.944
52,1325,inf,1440,83.633
52,9334,inf,149,8.706
52,1977,inf,1540,89.437
52,1059,247912,1581,91.817
52,706,inf,993,57.690
52,8757,inf,718,41.730
52,20,277353,1572,91.294
52,2812,inf,1379,80.093
52,2057,inf,1235,71.735
52,11056,inf,233,13.581
52,11560,inf,580,33.720
52,157,inf,1345,78.120
52,762,inf,943,54.788
52,1117,inf,794,46.140
52,2620,inf,1475,85.665
52,3279,inf,1240,72.026
52,8736,inf,719,41.788
52,5687,inf,1448,84.098
52,1452,inf,313,18.224
52,2631,inf,1414,82.124
52,6812,inf,1165,67.673
52,4705,inf,1223,71.039
52,6561,312006,1551,90.075
52,1040,inf,976,56.703
52,7241,inf,1010,58.677
52,858,inf,1514,87.928
52,10435,inf,731,42.484
52,8384,inf,661,38.421
52,1071,inf,848,49.275
52,1394,inf,1271,73.825
52,792,inf,687,39.930
52,7779,222526,1594,92.571
52,10690,inf,1454,84.446
52,1356,inf,1304,75.740
52,8481,inf,143,8.358
52,11867,inf,10,0.638
52,4571,inf,142,8.299
52,9822,inf,672,39.060
52,8348,inf,670,38.944
52,4808,inf,994,57.748
52,8315,inf,683,39.698
52,541,222398,1600,92.919
52,2452,inf,904,52.525
52,265,inf,1290,74.927
52,2613,inf,1454,84.446
52,11870,inf,10,0.638
52,5349,inf,852,49.507
52,1189,inf,950,55.194
52,4702,inf,1089,63.262
52,2616,inf,1454,84.446
52,7261,inf,1001,58.154
52,2683,inf,1406,81.660
52,4720,inf,1057,61.405
52,1208,inf,941,54.672
52,9547,inf,389,22.635
52,2205,218611,1600,92.919
52,7588,217185,1605,93.210
52,1400,inf,429,24.956
52,6676,inf,1516,88.044
52,1244,inf,693,40.279
52,6610,inf,1538,89.321
52,206,inf,1313,76.262
52,135,inf,1353,78.584
52,3289,inf,1194,69.356
52,2553,inf,889,51.654
52,4044,301748,1564,90.830
52,41,221137,1603,93.093
52,250,inf,1325,76.959
52,8368,inf,666,38.712
52,8487,inf,142,8.299
52,1470,inf,314,18.282
52,2671,inf,1520,88.276
52,7419,inf,364,21.184
52,317,inf,1254,72.838
52,961,297836,1570,91.178
52,11102,inf,437,25.421
52,6064,inf,1326,77.017
52,638,inf,1252,72.722
52,280,inf,1285,74.637
52,9569,inf,15,0.929
52,1655,inf,174,10.157
52,8760,inf,718,41.730
52,100,277353,1572,91.294
52,553,227512,1586,92.107
52,7243,inf,1010,58.677
52,846,227512,1584,91.991
52,1053,277353,1572,91.294
52,525,inf,1219,70.807
52,10976,inf,476,27.684
52,8264,inf,1002,58.212
52,4463,inf,159,9.286
52,3481,inf,938,54.498
53,3476,inf,991,57.574
53,11071,inf,234,13.639
53,155,inf,1348,78.294
53,1598,inf,181,10.563
53,8344,inf,673,39.118
53,2046,222526,1601,92.977
53,7393,inf,380,22.113
53,8350,inf,673,39.118
53,1325,inf,1446,83.981
53,9334,inf,149,8.706
53,1977,inf,1548,89.901
53,1059,224414,1592,92.455
53,706,inf,996,57.864
53,8757,inf,721,41.904
53,20,233749,1583,91.933
53,2812,inf,1382,80.267
53,2057,inf,1239,71.967
53,11056,inf,235,13.697
53,11560,inf,583,33.894
53,157,inf,1349,78.352
53,762,inf,946,54.962
53,1117,inf,797,46.315
53,2620,inf,1481,86.013
53,3279,inf,1244,72.258
53,8736,inf,722,41.962
53,5687,inf,1454,84.446
53,1452,inf,315,18.340
53,2631,inf,1417,82.298
53,6812,inf,1169,67.905
53,4705,inf,1228,71.329
53,6561,303945,1561,90.656
53,1040,inf,979,56.878
53,7241,inf,1013,58.851
53,858,inf,1521,88.334
53,10435,inf,735,42.716
53,8384,inf,664,38.595
53,1071,inf,851,49.449
53,1394,inf,1274,73.999
53,792,inf,691,40.163
53,7779,218040,1606,93.268
53,10690,inf,1459,84.736
53,1356,inf,1311,76.146
53,8481,inf,143,8.358
53,11867,inf,10,0.638
53,4571,inf,142,8.299
53,9822,inf,675,39.234
53,8348,inf,673,39.118
53,4808,inf,997,57.922
53,8315,inf,687,39.930
53,541,217185,1612,93.616
53,2452,inf,907,52.699
53,265,inf,1294,75.160
53,2613,inf,1459,84.736
53,11870,inf,10,0.638
53,5349,inf,855,49.681
53,1189,inf,953,55.369
53,4702,inf,1092,63.436
53,2616,inf,1459,84.736
53,7261,inf,1005,58.387
53,2683,inf,1409,81.834
53,4720,inf,1060,61.579
53,1208,inf,944,54.846
53,9547,inf,389,22.635
53,2205,216712,1612,93.616
53,7588,216359,1617,93.906
53,1400,inf,431,25.073
53,6676,inf,1522,88.392
53,1244,inf,697,40.511
53,6610,inf,1547,89.843
53,206,inf,1319,76.611
53,135,inf,1361,79.048
53,3289,inf,1198,69.588
53,2553,inf,892,51.828
53,4044,277353,1573,91.352
53,41,217185,1615,93.790
53,250,inf,1329,77.191
53,8368,inf,669,38.886
53,8487,inf,142,8.299
53,1470,inf,316,18.398
53,2671,inf,1526,88.624
53,7419,inf,364,21.184
53,317,inf,1258,73.070
53,961,236622,1582,91.875
53,11102,inf,437,25.421
53,6064,inf,1333,77.423
53,638,inf,1256,72.954
53,280,inf,1289,74.869
53,9569,inf,15,0.929
53,1655,inf,174,10.157
53,8760,inf,721,41.904
53,100,231524,1583,91.933
53,553,224093,1596,92.687
53,7243,inf,1013,58.851
53,846,224093,1596,92.687
53,1053,233749,1583,91.933
53,525,inf,1225,71.155
53,10976,inf,477,27.742
53,8264,inf,1006,58.445
53,4463,inf,159,9.286
53,3481,inf,941,54.672
54,3476,inf,994,57.748
54,11071,inf,443,25.769
54,155,inf,1352,78.526
54,1598,inf,181,10.563
54,8344,inf,676,39.292
54,2046,218424,1613,93.674
54,7393,inf,380,22.113
54,8350,inf,676,39.292
54,1325,inf,1451,84.272
54,9334,inf,149,8.706
54,1977,308072,1556,90.366
54,1059,223767,1602,93.035
54,706,inf,999,58.038
54,8757,inf,724,42.078
54,20,224886,1592,92.455
54,2812,inf,1385,80.441
54,2057,inf,1242,72.142
54,11056,inf,237,13.813
54,11560,inf,586,34.068
54,157,inf,1354,78.642
54,762,inf,949,55.136
54,1117,inf,800,46.489
54,2620,inf,1486,86.303
54,3279,inf,1248,72.490
54,8736,inf,725,42.136
54,5687,inf,1459,84.736
54,1452,inf,317,18.456
54,2631,inf,1420,82.472
54,6812,inf,1173,68.137
54,4705,inf,1232,71.561
54,6561,297836,1570,91.178
54,1040,inf,982,57.052
54,7241,inf,1016,59.025
54,858,inf,1528,88.741
54,10435,inf,738,42.890
54,8384,inf,667,38.770
54,1071,inf,854,49.623
54,1394,inf,1277,74.173
54,792,inf,694,40.337
54,7779,216496,1617,93.906
54,10690,inf,1466,85.142
54,1356,inf,1318,76.553
54,8481,inf,143,8.358
54,11867,inf,10,0.638
54,4571,inf,142,8.299
54,9822,inf,678,39.408
54,8348,inf,676,39.292
54,4808,inf,1000,58.096
54,8315,inf,690,40.104
54,541,216421,1623,94.254
54,2452,inf,910,52.873
54,265,inf,1298,75.392
54,2613,inf,1464,85.026
54,11870,inf,10,0.638
54,5349,inf,858,49.855
54,1189,inf,956,55.543
54,4702,inf,1095,63.610
54,2616,inf,1464,85.026
54,7261,inf,1008,58.561
54,2683,inf,1412,82.008
54,4720,inf,1063,61.753
54,1208,inf,947,55.020
54,9547,inf,389,22.635
54,2205,216146,1623,94.254
54,7588,216001,1628,94.544
54,1400,inf,433,25.189
54,6676,inf,1530,88.857
54,1244,inf,701,40.743
54,6610,308072,1556,90.366
54,206,inf,1325,76.959
54,135,inf,1367,79.396
54,3289,inf,1203,69.878
54,2553,inf,895,52.002
54,4044,236622,1583,91.933
54,41,216468,1626,94.428
54,250,inf,1332,77.365
54,8368,inf,672,39.060
54,8487,inf,142,8.299
54,1470,inf,318,18.514
54,2671,inf,1533,89.031
54,7419,inf,364,21.184
54,317,inf,1262,73.302
54,961,224093,1594,92.571
54,11102,inf,437,25.421
54,6064,inf,1339,77.771
54,638,inf,1260,73.186
54,280,inf,1293,75.102
54,9569,inf,15,0.929
54,1655,inf,174,10.157
54,8760,inf,724,42.078
54,100,224414,1593,92.513
54,553,222398,1605,93.210
54,7243,inf,1016,59.025
54,846,218886,1607,93.326
54,1053,226301,1591,92.397
54,525,inf,1229,71.387
54,10976,inf,478,27.800
54,8264,inf,1010,58.677
54,4463,inf,159,9.286
54,3481,inf,944,54.846
55,3476,inf,997,57.922
55,11071,inf,443,25.769
55,155,inf,1358,78.874
55,1598,inf,181,10.563
55,8344,inf,679,39.466
55,2046,216755,1625,94.370
55,7393,inf,380,22.113
55,8350,inf,679,39.466
55,1325,inf,1457,84.620
55,9334,inf,149,8.706
55,1977,301748,1564,90.830
55,1059,217185,1615,93.790
55,706,inf,1002,58.212
55,8757,inf,727,42.252
55,20,222522,1606,93.268
55,2812,inf,1388,80.615
55,2057,inf,1245,72.316
55,11056,inf,238,13.871
55,11560,inf,588,34.185
55,157,inf,1360,78.990
55,762,inf,952,55.311
55,1117,inf,803,46.663
55,2620,inf,1491,86.593
55,3279,inf,1252,72.722
55,8736,inf,728,42.310
55,5687,inf,1466,85.142
55,1452,inf,318,18.514
55,2631,inf,1423,82.647
55,6812,inf,1177,68.369
55,4705,inf,1236,71.793
55,6561,262001,1580,91.759
55,1040,inf,985,57.226
55,7241,inf,1019,59.199
55,858,inf,1537,89.263
55,10435,inf,741,43.064
55,8384,inf,674,39.176
55,1071,inf,857,49.797
55,1394,inf,1280,74.347
55,792,inf,697,40.511
55,7779,216091,1628,94.544
55,10690,inf,1474,85.607
55,1356,inf,1322,76.785
55,8481,inf,143,8.358
55,11867,inf,10,0.638
55,4571,inf,142,8.299
55,9822,inf,681,39.582
55,8348,inf,679,39.466
55,4808,inf,1004,58.328
55,8315,inf,693,40.279
55,541,216020,1633,94.835
55,2452,inf,913,53.047
55,265,inf,1302,75.624
55,2613,inf,1469,85.316
55,11870,inf,10,0.638
55,5349,inf,861,50.029
55,1189,inf,959,55.717
55,4702,inf,1097,63.726
55,2616,inf,1469,85.316
55,7261,inf,1011,58.735
55,2683,inf,1415,82.182
55,4720,inf,1066,61.927
55,1208,inf,950,55.194
55,9547,inf,389,22.635
55,2205,214139,1633,94.835
55,7588,211788,1639,95.183
55,1400,inf,435,25.305
55,6676,inf,1538,89.321
55,1244,inf,704,40.917
55,6610,301748,1564,90.830
55,206,inf,1330,77.249
55,135,inf,1372,79.687
55,3289,inf,1206,70.052
55,2553,inf,898,52.176
55,4044,226437,1592,92.455
55,41,216020,1637,95.067
55,250,inf,1336,77.597
55,8368,inf,675,39.234
55,8487,inf,142,8.299
55,1470,inf,320,18.630
55,2671,inf,1541,89.495
55,7419,inf,364,21.184
55,317,inf,1266,73.535
55,961,220210,1607,93.326
55,11102,inf,437,25.421
55,6064,inf,1343,78.003
55,638,inf,1261,73.244
55,280,inf,1297,75.334
55,9569,inf,15,0.929
55,1655,inf,174,10.157
55,8760,inf,727,42.252
55,100,222522,1604,93.151
55,553,218040,1618,93.964
55,7243,inf,1019,59.199
55,846,217185,1618,93.964
55,1053,223731,1604,93.151
55,525,inf,1232,71.561
55,10976,inf,479,27.858
55,8264,inf,1014,58.909
55,4463,inf,159,9.286
55,3481,inf,947,55.020
56,3476,inf,1000,58.096
56,11071,inf,443,25.769
56,155,inf,1363,79.164
56,1598,inf,185,10.795
56,8344,inf,682,39.640
56,2046,216337,1635,94.951
56,7393,inf,380,22.113
56,8350,inf,682,39.640
56,1325,inf,1463,84.968
56,9334,inf,149,8.706
56,1977,297963,1569,91.120
56,1059,216755,1623,94.254
56,706,inf,1005,58.387
56,8757,inf,730,42.426
56,20,218814,1616,93.848
56,2812,inf,1391,80.789
56,2057,inf,1247,72.432
56,11056,inf,444,25.827
56,11560,inf,590,34.301
56,157,inf,1365,79.280
56,762,inf,956,55.543
56,1117,inf,813,47.243
56,2620,inf,1498,86.999
56,3279,inf,1255,72.896
56,8736,inf,731,42.484
56,5687,inf,1472,85.490
56,1452,inf,319,18.572
56,2631,inf,1425,82.763
56,6812,inf,1181,68.601
56,4705,inf,1237,71.851
56,6561,226438,1587,92.165
56,1040,inf,988,57.400
56,7241,inf,1021,59.315
56,858,inf,1545,89.727
56,10435,inf,744,43.239
56,8384,inf,677,39.350
56,1071,inf,860,49.971
56,1394,inf,1283,74.521
56,792,inf,700,40.685
56,7779,215867,1635,94.951
56,10690,inf,1480,85.955
56,1356,inf,1326,77.017
56,8481,inf,143,8.358
56,11867,inf,10,0.638
56,4571,inf,142,8.299
56,9822,inf,684,39.756
56,8348,inf,682,39.640
56,4808,inf,1007,58.503
56,8315,inf,696,40.453
56,541,215187,1640,95.241
56,2452,inf,916,53.221
56,265,inf,1306,75.856
56,2613,inf,1476,85.723
56,11870,inf,10,0.638
56,5349,inf,864,50.203
56,1189,inf,963,55.949
56,4702,inf,1098,63.784
56,2616,inf,1476,85.723
56,7261,inf,1014,58.909
56,2683,inf,1418,82.356
56,4720,inf,1068,62.043
56,1208,inf,953,55.369
56,9547,inf,389,22.635
56,2205,211908,1640,95.241
56,7588,210148,1646,95.589
56,1400,inf,436,25.363
56,6676,inf,1544,89.669
56,1244,inf,707,41.091
56,6610,297963,1569,91.120
56,206,inf,1333,77.423
56,135,inf,1377,79.977
56,3289,inf,1208,70.168
56,2553,inf,901,52.351
56,4044,223960,1604,93.151
56,41,215187,1645,95.531
56,250,inf,1340,77.829
56,8368,inf,678,39.408
56,8487,inf,142,8.299
56,1470,inf,322,18.746
56,2671,inf,1549,89.959
56,7419,inf,364,21.184
56,317,inf,1270,73.767
56,961,218611,1617,93.906
56,11102,inf,437,25.421
56,6064,inf,1346,78.178
56,638,inf,1263,73.360
56,280,inf,1300,75.508
56,9569,inf,15,0.929
56,1655,inf,174,10.157
56,8760,inf,730,42.426
56,100,218611,1613,93.674
56,553,216921,1629,94.602
56,7243,inf,1021,59.315
56,846,216921,1625,94.370
56,1053,219263,1614,93.732
56,525,inf,1235,71.735
56,10976,inf,480,27.916
56,8264,inf,1018,59.141
56,4463,inf,159,9.286
56,3481,inf,950,55.194
57,3476,inf,1003,58.270
57,11071,inf,443,25.769
57,155,inf,1368,79.454
57,1598,inf,185,10.795
57,8344,inf,686,39.872
57,2046,216146,1642,95.357
57,7393,inf,380,22.113
57,8350,inf,686,39.872
57,1325,inf,1470,85.374
57,9334,inf,149,8.706
57,1977,274483,1575,91.468
57,1059,216359,1631,94.719
57,706,inf,1008,58.561
57,8757,inf,733,42.600
57,20,217564,1625,94.370
57,2812,inf,1393,80.905
57,2057,inf,1248,72.490
57,11056,inf,444,25.827
57,11560,inf,592,34.417
57,157,inf,1370,79.571
57,762,inf,960,55.775
57,1117,inf,816,47.417
57,2620,inf,1504,87.348
57,3279,inf,1258,73.070
57,8736,inf,734,42.658
57,5687,inf,1479,85.897
57,1452,inf,320,18.630
57,2631,inf,1427,82.879
57,6812,inf,1183,68.717
57,4705,inf,1239,71.967
57,6561,224093,1596,92.687
57,1040,inf,991,57.574
57,7241,inf,1023,59.431
57,858,312006,1551,90.075
57,10435,inf,747,43.413
57,8384,inf,680,39.524
57,1071,inf,863,50.145
57,1394,inf,1285,74.637
57,792,inf,703,40.859
57,7779,212695,1642,95.357
57,10690,inf,1485,86.245
57,1356,inf,1329,77.191
57,8481,inf,143,8.358
57,11867,inf,10,0.638
57,4571,inf,142,8.299
57,9822,inf,687,39.930
57,8348,inf,686,39.872
57,4808,inf,1010,58.677
57,8315,inf,699,40.627
57,541,212695,1647,95.647
57,2452,inf,919,53.395
57,265,inf,1310,76.088
57,2613,inf,1484,86.187
57,11870,inf,10,0.638
57,5349,inf,867,50.377
57,1189,inf,966,56.123
57,4702,inf,1100,63.900
57,2616,inf,1484,86.187
57,7261,inf,1017,59.083
57,2683,inf,1420,82.472
57,4720,inf,1070,62.159
57,1208,inf,956,55.543
57,9547,inf,389,22.635
57,2205,210777,1646,95.589
57,7588,209114,1652,95.937
57,1400,inf,437,25.421
57,6676,inf,1549,89.959
57,1244,inf,710,41.265
57,6610,274483,1575,91.468
57,206,inf,1336,77.597
57,135,inf,1380,80.151
57,3289,inf,1211,70.342
57,2553,inf,904,52.525
57,4044,222323,1613,93.674
57,41,212695,1652,95.937
57,250,inf,1344,78.062
57,8368,inf,685,39.814
57,8487,inf,142,8.299
57,1470,inf,324,18.862
57,2671,308072,1555,90.308
57,7419,inf,364,21.184
57,317,inf,1273,73.941
57,961,217185,1626,94.428
57,11102,inf,437,25.421
57,6064,inf,1349,78.352
57,638,inf,1266,73.535
57,280,inf,1303,75.682
57,9569,inf,15,0.929
57,1655,inf,174,10.157
57,8760,inf,733,42.600
57,100,217185,1622,94.196
57,553,216359,1638,95.125
57,7243,inf,1023,59.431
57,846,216421,1632,94.777
57,1053,218611,1623,94.254
57,525,inf,1238,71.909
57,10976,inf,481,27.974
57,8264,inf,1021,59.315
57,4463,inf,159,9.286
57,3481,inf,953,55.369
58,3476,inf,1005,58.387
58,11071,inf,443,25.769
58,155,inf,1372,79.687
58,1598,inf,186,10.853
58,8344,inf,689,40.046
58,2046,216001,1648,95.705
58,7393,inf,380,22.113
58,8350,inf,689,40.046
58,1325,inf,1476,85.723
58,9334,inf,149,8.706
58,1977,236622,1583,91.933
58,1059,216146,1638,95.125
58,706,inf,1010,58.677
58,8757,inf,737,42.832
58,20,216921,1634,94.893
58,2812,inf,1395,81.021
58,2057,inf,1251,72.664
58,11056,inf,444,25.827
58,11560,inf,594,34.533
58,157,inf,1374,79.803
58,762,inf,962,55.891
58,1117,inf,819,47.591
58,2620,inf,1512,87.812
58,3279,inf,1260,73.186
58,8736,inf,738,42.890
58,5687,inf,1485,86.245
58,1452,inf,322,18.746
58,2631,inf,1430,83.053
58,6812,inf,1187,68.950
58,4705,inf,1241,72.084
58,6561,223731,1606,93.268
58,1040,inf,993,57.690
58,7241,inf,1025,59.547
58,858,308072,1556,90.366
58,10435,inf,754,43.819
58,8384,inf,683,39.698
58,1071,inf,866,50.319
58,1394,inf,1287,74.753
58,792,inf,706,41.033
58,7779,211419,1648,95.705
58,10690,inf,1491,86.593
58,1356,inf,1331,77.307
58,8481,inf,143,8.358
58,11867,inf,10,0.638
58,4571,inf,142,8.299
58,9822,inf,690,40.104
58,8348,inf,689,40.046
58,4808,inf,1013,58.851
58,8315,inf,702,40.801
58,541,211419,1652,95.937
58,2452,inf,921,53.511
58,265,inf,1312,76.204
58,2613,inf,1491,86.593
58,11870,inf,10,0.638
58,5349,inf,870,50.551
58,1189,inf,968,56.239
58,4702,inf,1102,64.016
58,2616,inf,1491,86.593
58,7261,inf,1019,59.199
58,2683,inf,1423,82.647
58,4720,inf,1072,62.275
58,1208,inf,958,55.659
58,9547,inf,389,22.635
58,2205,209114,1652,95.937
58,7588,207733,1657,96.228
58,1400,inf,439,25.537
58,6676,308072,1556,90.366
58,1244,inf,729,42.368
58,6610,236622,1583,91.933
58,206,inf,1337,77.655
58,135,inf,1386,80.499
58,3289,inf,1213,70.459
58,2553,inf,906,52.641
58,4044,218886,1620,94.080
58,41,210777,1659,96.344
58,250,inf,1346,78.178
58,8368,inf,688,39.988
58,8487,inf,142,8.299
58,1470,inf,325,18.920
58,2671,303945,1561,90.656
58,7419,inf,364,21.184
58,317,inf,1276,74.115
58,961,216712,1634,94.893
58,11102,inf,437,25.421
58,6064,inf,1351,78.468
58,638,inf,1269,73.709
58,280,inf,1304,75.740
58,9569,inf,15,0.929
58,1655,inf,174,10.157
58,8760,inf,737,42.832
58,100,216496,1629,94.602
58,553,216091,1646,95.589
58,7243,inf,1025,59.547
58,846,216147,1638,95.125
58,1053,217564,1630,94.660
58,525,inf,1241,72.084
58,10976,inf,482,28.033
58,8264,inf,1023,59.431
58,4463,inf,159,9.286
58,3481,inf,955,55.485
59,3476,inf,1007,58.503
59,11071,inf,444,25.827
59,155,inf,1375,79.861
59,1598,inf,187,10.911
59,8344,inf,691,40.163
59,2046,214536,1654,96.053
59,7393,inf,380,22.113
59,8350,inf,691,40.163
59,1325,inf,1481,86.013
59,9334,inf,149,8.706
59,1977,226559,1589,92.281
59,1059,215187,1647,95.647
59,706,inf,1012,58.793
59,8757,inf,740,43.006
59,20,216468,1642,95.357
59,2812,inf,1398,81.196
59,2057,inf,1254,72.838
59,11056,inf,444,25.827
59,11560,inf,596,34.649
59,157,inf,1377,79.977
59,762,inf,965,56.065
59,1117,inf,823,47.824
59,2620,inf,1518,88.160
59,3279,inf,1262,73.302
59,8736,inf,741,43.064
59,5687,inf,1490,86.535
59,1452,inf,323,18.804
59,2631,inf,1432,83.169
59,6812,inf,1190,69.124
59,4705,inf,1243,72.200
59,6561,221137,1614,93.732
59,1040,inf,995,57.806
59,7241,inf,1027,59.663
59,858,302255,1563,90.772
59,10435,inf,757,43.993
59,8384,inf,686,39.872
59,1071,inf,868,50.435
59,1394,inf,1288,74.811
59,792,inf,709,41.207
59,7779,209114,1656,96.169
59,10690,inf,1497,86.941
59,1356,inf,1334,77.481
59,8481,inf,143,8.358
59,11867,inf,10,0.638
59,4571,inf,142,8.299
59,9822,inf,694,40.337
59,8348,inf,691,40.163
59,4808,inf,1014,58.909
59,8315,inf,705,40.975
59,541,209114,1660,96.402
59,2452,inf,923,53.627
59,265,inf,1314,76.320
59,2613,inf,1497,86.941
59,11870,inf,10,0.638
59,5349,inf,872,50.667
59,1189,inf,970,56.355
59,4702,inf,1104,64.132
59,2616,inf,1497,86.941
59,7261,inf,1021,59.315
59,2683,inf,1425,82.763
59,4720,inf,1074,62.391
59,1208,inf,960,55.775
59,9547,inf,389,22.635
59,2205,207588,1660,96.402
59,7588,206286,1665,96.692
59,1400,inf,441,25.653
59,6676,301748,1564,90.830
59,1244,inf,732,42.542
59,6610,226559,1589,92.281
59,206,inf,1339,77.771
59,135,inf,1391,80.789
59,3289,inf,1214,70.517
59,2553,inf,907,52.699
59,4044,218611,1627,94.486
59,41,209114,1667,96.808
59,250,inf,1349,78.352
59,8368,inf,690,40.104
59,8487,inf,142,8.299
59,1470,inf,325,18.920
59,2671,298098,1567,91.004
59,7419,inf,364,21.184
59,317,inf,1278,74.231
59,961,216205,1643,95.415
59,11102,inf,437,25.421
59,6064,inf,1355,78.700
59,638,inf,1271,73.825
59,280,inf,1306,75.856
59,9569,inf,15,0.929
59,1655,inf,174,10.157
59,8760,inf,740,43.006
59,100,216282,1636,95.009
59,553,215867,1653,95.995
59,7243,inf,1027,59.663
59,846,216001,1646,95.589
59,1053,217185,1635,94.951
59,525,inf,1242,72.142
59,10976,inf,483,28.091
59,8264,inf,1025,59.547
59,4463,inf,159,9.286
59,3481,inf,957,55.601
60,3476,inf,1009,58.619
60,11071,inf,444,25.827
60,155,inf,1379,80.093
60,1598,inf,188,10.969
60,8344,inf,694,40.337
60,2046,212695,1659,96.344
60,7393,inf,380,22.113
60,8350,inf,694,40.337
60,1325,inf,1486,86.303
60,9334,inf,149,8.706
60,1977,226301,1596,92.687
60,1059,212695,1653,95.995
60,706,inf,1014,58.909
60,8757,inf,742,43.122
60,20,216282,1648,95.705
60,2812,inf,1400,81.312
60,2057,inf,1256,72.954
60,11056,inf,444,25.827
60,11560,inf,598,34.765
60,157,inf,1381,80.209
60,762,inf,968,56.239
60,1117,inf,825,47.940
60,2620,inf,1526,88.624
60,3279,inf,1264,73.418
60,8736,inf,743,43.180
60,5687,inf,1495,86.825
60,1452,inf,325,18.920
60,2631,inf,1436,83.401
60,6812,inf,1192,69.240
60,4705,inf,1245,72.316
60,6561,220210,1621,94.138
60,1040,inf,997,57.922
60,7241,inf,1028,59.721
60,858,297963,1569,91.120
60,10435,inf,759,44.109
60,8384,inf,689,40.046
60,1071,inf,870,50.551
60,1394,inf,1290,74.927
60,792,inf,712,41.381
60,7779,207733,1662,96.518
60,10690,inf,1504,87.348
60,1356,inf,1337,77.655
60,8481,inf,143,8.358
60,11867,inf,10,0.638
60,4571,inf,142,8.299
60,9822,inf,697,40.511
60,8348,inf,694,40.337
60,4808,inf,1016,59.025
60,8315,inf,708,41.149
60,541,207733,1666,96.750
60,2452,inf,925,53.743
60,265,inf,1317,76.494
60,2613,inf,1504,87.348
60,11870,inf,10,0.638
60,5349,inf,874,50.784
60,1189,inf,971,56.413
60,4702,inf,1105,64.190
60,2616,inf,1504,87.348
60,7261,inf,1022,59.373
60,2683,inf,1429,82.995
60,4720,inf,1075,62.449
60,1208,inf,962,55.891
60,9547,inf,389,22.635
60,2205,206286,1666,96.750
60,7588,205901,1671,97.040
60,1400,inf,442,25.711
60,6676,297836,1570,91.178
60,1244,inf,735,42.716
60,6610,226301,1596,92.687
60,206,inf,1341,77.887
60,135,inf,1394,80.963
60,3289,inf,1216,70.633
60,2553,inf,909,52.815
60,4044,217185,1635,94.951
60,41,207588,1673,97.156
60,250,inf,1351,78.468
60,8368,inf,693,40.279
60,8487,inf,142,8.299
60,1470,inf,326,18.979
60,2671,277353,1573,91.352
60,7419,inf,364,21.184
60,317,inf,1279,74.289
60,961,216001,1650,95.821
60,11102,inf,437,25.421
60,6064,inf,1357,78.816
60,638,inf,1272,73.883
60,280,inf,1308,75.972
60,9569,inf,15,0.929
60,1655,inf,174,10.157
60,8760,inf,742,43.122
60,100,216020,1642,95.357
60,553,214139,1658,96.286
60,7243,inf,1028,59.721
60,846,212695,1652,95.937
60,1053,216468,1644,95.473
60,525,inf,1244,72.258
60,10976,inf,484,28.149
60,8264,inf,1026,59.605
60,4463,inf,159,9.286
60,3481,inf,959,55.717
61,3476,inf,1010,58.677
61,11071,inf,444,25.827
61,155,inf,1383,80.325
61,1598,inf,190,11.085
61,8344,inf,696,40.453
61,2046,211419,1666,96.750
61,7393,inf,380,22.113
61,8350,inf,696,40.453
61,1325,inf,1490,86.535
61,9334,inf,149,8.706
61,1977,224093,1604,93.151
61,1059,211841,1658,96.286
61,706,inf,1015,58.967
61,8757,inf,744,43.239
61,20,216146,1653,95.995
61,2812,inf,1403,81.486
61,2057,inf,1258,73.070
61,11056,inf,445,25.885
61,11560,inf,600,34.881
61,157,inf,1383,80.325
61,762,inf,971,56.413
61,1117,inf,827,48.056
61,2620,inf,1533,89.031
61,3279,inf,1265,73.476
61,8736,inf,745,43.297
61,5687,inf,1499,87.057
61,1452,inf,327,19.037
61,2631,inf,1438,83.517
61,6812,inf,1193,69.298
61,4705,inf,1247,72.432
61,6561,218814,1628,94.544
61,1040,inf,998,57.980
61,7241,inf,1031,59.896
61,858,266279,1578,91.642
61,10435,inf,761,44.225
61,8384,inf,692,40.221
61,1071,inf,871,50.609
61,1394,inf,1292,75.044
61,792,inf,715,41.555
61,7779,206413,1669,96.924
61,10690,inf,1509,87.638
61,1356,inf,1341,77.887
61,8481,inf,143,8.358
61,11867,inf,10,0.638
61,4571,inf,142,8.299
61,9822,inf,699,40.627
61,8348,inf,696,40.453
61,4808,inf,1018,59.141
61,8315,inf,711,41.323
61,541,206413,1673,97.156
61,2452,inf,926,53.802
61,265,inf,1319,76.611
61,2613,inf,1510,87.696
61,11870,inf,10,0.638
61,5349,inf,875,50.842
61,1189,inf,974,56.587
61,4702,inf,1107,64.306
61,2616,inf,1510,87.696
61,7261,inf,1024,59.489
61,2683,inf,1431,83.111
61,4720,inf,1077,62.565
61,1208,inf,963,55.949
61,9547,inf,389,22.635
61,2205,205901,1673,97.156
61,7588,203738,1678,97.446
61,1400,inf,443,25.769
61,6676,270782,1577,91.584
61,1244,inf,738,42.890
61,6610,224093,1604,93.151
61,206,inf,1343,78.003
61,135,inf,1398,81.196
61,3289,inf,1218,70.749
61,2553,inf,911,52.931
61,4044,216755,1644,95.473
61,41,206413,1679,97.504
61,250,inf,1353,78.584
61,8368,inf,695,40.395
61,8487,inf,142,8.299
61,1470,inf,328,19.095
61,2671,262001,1580,91.759
61,7419,inf,364,21.184
61,317,inf,1280,74.347
61,961,214139,1658,96.286
61,11102,inf,437,25.421
61,6064,inf,1358,78.874
61,638,inf,1273,73.941
61,280,inf,1310,76.088
61,9569,inf,15,0.929
61,1655,inf,174,10.157
61,8760,inf,744,43.239
61,100,214139,1650,95.821
61,553,211841,1665,96.692
61,7243,inf,1031,59.896
61,846,211419,1659,96.344
61,1053,216147,1653,95.995
61,525,inf,1246,72.374
61,10976,inf,485,28.207
61,8264,inf,1028,59.721
61,4463,inf,159,9.286
61,3481,inf,960,55.775
62,3476,inf,1012,58.793
62,11071,inf,444,25.827
62,155,inf,1385,80.441
62,1598,inf,190,11.085
62,8344,inf,698,40.569
62,2046,209482,1672,97.098
62,7393,inf,380,22.113
62,8350,inf,698,40.569
62,1325,inf,1494,86.767
62,9334,inf,149,8.706
62,1977,224093,1608,93.384
62,1059,211788,1662,96.518
62,706,inf,1017,59.083
62,8757,inf,745,43.297
62,20,216001,1659,96.344
62,2812,inf,1406,81.660
62,2057,inf,1258,73.070
62,11056,inf,445,25.885
62,11560,inf,602,34.997
62,157,inf,1385,80.441
62,762,inf,972,56.471
62,1117,inf,829,48.172
62,2620,inf,1537,89.263
62,3279,inf,1266,73.535
62,8736,inf,746,43.355
62,5687,inf,1502,87.232
62,1452,inf,329,19.153
62,2631,inf,1440,83.633
62,6812,inf,1195,69.414
62,4705,inf,1249,72.548
62,6561,218814,1632,94.777
62,1040,inf,1000,58.096
62,7241,inf,1033,60.012
62,858,233749,1584,91.991
62,10435,inf,762,44.283
62,8384,inf,694,40.337
62,1071,inf,873,50.725
62,1394,inf,1294,75.160
62,792,inf,718,41.730
62,7779,206150,1675,97.272
62,10690,inf,1515,87.986
62,1356,inf,1344,78.062
62,8481,inf,143,8.358
62,11867,inf,10,0.638
62,4571,inf,142,8.299
62,9822,inf,702,40.801
62,8348,inf,698,40.569
62,4808,inf,1020,59.257
62,8315,inf,714,41.497
62,541,206150,1679,97.504
62,2452,inf,928,53.918
62,265,inf,1322,76.785
62,2613,inf,1516,88.044
62,11870,inf,10,0.638
62,5349,inf,877,50.958
62,1189,inf,976,56.703
62,4702,inf,1110,64.481
62,2616,inf,1516,88.044
62,7261,inf,1026,59.605
62,2683,inf,1433,83.227
62,4720,inf,1079,62.681
62,1208,inf,965,56.065
62,9547,inf,389,22.635
62,2205,204333,1678,97.446
62,7588,202389,1683,97.737
62,1400,inf,444,25.827
62,6676,247912,1582,91.875
62,1244,inf,741,43.064
62,6610,224093,1608,93.384
62,206,inf,1345,78.120
62,135,inf,1401,81.370
62,3289,inf,1221,70.923
62,2553,inf,913,53.047
62,4044,216337,1652,95.937
62,41,206286,1683,97.737
62,250,inf,1356,78.758
62,8368,inf,697,40.511
62,8487,inf,142,8.299
62,1470,inf,328,19.095
62,2671,227867,1586,92.107
62,7419,inf,364,21.184
62,317,inf,1283,74.521
62,961,211841,1665,96.692
62,11102,inf,437,25.421
62,6064,inf,1360,78.990
62,638,inf,1276,74.115
62,280,inf,1312,76.204
62,9569,inf,15,0.929
62,1655,inf,174,10.157
62,8760,inf,745,43.297
62,100,212695,1654,96.053
62,553,210777,1671,97.040
62,7243,inf,1033,60.012
62,846,209114,1665,96.692
62,1053,216001,1661,96.460
62,525,inf,1247,72.432
62,10976,inf,486,28.265
62,8264,inf,1030,59.837
62,4463,inf,159,9.286
62,3481,inf,962,55.891
63,3476,inf,1014,58.909
63,11071,inf,444,25.827
63,155,inf,1386,80.499
63,1598,inf,190,11.085
63,8344,inf,700,40.685
63,2046,209114,1678,97.446
63,7393,inf,380,22.113
63,8350,inf,700,40.685
63,1325,inf,1499,87.057
63,9334,inf,149,8.706
63,1977,224093,1613,93.674
63,1059,211419,1665,96.692
63,706,inf,1019,59.199
63,8757,inf,746,43.355
63,20,215187,1664,96.634
63,2812,inf,1408,81.776
63,2057,inf,1260,73.186
63,11056,inf,445,25.885
63,11560,inf,604,35.113
63,157,inf,1386,80.499
63,762,inf,974,56.587
63,1117,inf,831,48.288
63,2620,inf,1542,89.553
63,3279,inf,1268,73.651
63,8736,inf,747,43.413
63,5687,inf,1507,87.522
63,1452,inf,331,19.269
63,2631,inf,1443,83.807
63,6812,inf,1197,69.530
63,4705,inf,1250,72.606
63,6561,218611,1637,95.067
63,1040,inf,1002,58.212
63,7241,inf,1035,60.128
63,858,227729,1588,92.223
63,10435,inf,764,44.399
63,8384,inf,696,40.453
63,1071,inf,874,50.784
63,1394,inf,1295,75.218
63,792,inf,719,41.788
63,7779,205775,1681,97.620
63,10690,inf,1521,88.334
63,1356,inf,1346,78.178
63,8481,inf,143,8.358
63,11867,inf,10,0.638
63,4571,inf,142,8.299
63,9822,inf,704,40.917
63,8348,inf,700,40.685
63,4808,inf,1021,59.315
63,8315,inf,717,41.672
63,541,205775,1684,97.795
63,2452,inf,930,54.034
63,265,inf,1324,76.901
63,2613,inf,1521,88.334
63,11870,inf,10,0.638
63,5349,inf,878,51.016
63,1189,inf,978,56.820
63,4702,inf,1111,64.539
63,2616,inf,1521,88.334
63,7261,inf,1028,59.721
63,2683,inf,1436,83.401
63,4720,inf,1080,62.739
63,1208,inf,967,56.181
63,9547,inf,389,22.635
63,2205,204210,1682,97.678
63,7588,202389,1687,97.969
63,1400,inf,445,25.885
63,6676,227867,1586,92.107
63,1244,inf,743,43.180
63,6610,224093,1613,93.674
63,206,inf,1346,78.178
63,135,inf,1405,81.602
63,3289,inf,1223,71.039
63,2553,inf,914,53.105
63,4044,216091,1659,96.344
63,41,206157,1686,97.911
63,250,inf,1359,78.932
63,8368,inf,700,40.685
63,8487,inf,142,8.299
63,1470,inf,329,19.153
63,2671,227512,1592,92.455
63,7419,inf,364,21.184
63,317,inf,1284,74.579
63,961,210148,1671,97.040
63,11102,inf,437,25.421
63,6064,inf,1361,79.048
63,638,inf,1277,74.173
63,280,inf,1313,76.262
63,9569,inf,15,0.929
63,1655,inf,174,10.157
63,8760,inf,746,43.355
63,100,211841,1657,96.228
63,553,210148,1674,97.214
63,7243,inf,1035,60.128
63,846,207879,1670,96.982
63,1053,214536,1666,96.750
63,525,inf,1249,72.548
63,10976,inf,486,28.265
63,8264,inf,1032,59.954
63,4463,inf,159,9.286
63,3481,inf,964,56.007
64,3476,inf,1015,58.967
64,11071,inf,444,25.827
64,155,inf,1388,80.615
64,1598,inf,190,11.085
64,8344,inf,702,40.801
64,2046,208746,1681,97.620
64,7393,inf,380,22.113
64,8350,inf,702,40.801
64,1325,inf,1505,87.406
64,9334,inf,149,8.706
64,1977,223960,1618,93.964
64,1059,210777,1668,96.866
64,706,inf,1020,59.257
64,8757,inf,747,43.413
64,20,214139,1668,96.866
64,2812,inf,1411,81.950
64,2057,inf,1261,73.244
64,11056,inf,445,25.885
64,11560,inf,606,35.229
64,157,inf,1388,80.615
64,762,inf,977,56.761
64,1117,inf,833,48.404
64,2620,inf,1546,89.785
64,3279,inf,1269,73.709
64,8736,inf,748,43.471
64,5687,inf,1512,87.812
64,1452,inf,333,19.385
64,2631,inf,1446,83.981
64,6812,inf,1199,69.646
64,4705,inf,1252,72.722
64,6561,218424,1641,95.299
64,1040,inf,1004,58.328
64,7241,inf,1036,60.186
64,858,227512,1593,92.513
64,10435,inf,765,44.457
64,8384,inf,698,40.569
64,1071,inf,875,50.842
64,1394,inf,1297,75.334
64,792,inf,720,41.846
64,7779,204210,1686,97.911
64,10690,inf,1527,88.683
64,1356,inf,1349,78.352
64,8481,inf,143,8.358
64,11867,inf,10,0.638
64,4571,inf,142,8.299
64,9822,inf,706,41.033
64,8348,inf,702,40.801
64,4808,inf,1023,59.431
64,8315,inf,719,41.788
64,541,204333,1688,98.027
64,2452,inf,932,54.150
64,265,inf,1327,77.075
64,2613,inf,1545,89.727
64,11870,inf,10,0.638
64,5349,inf,879,51.074
64,1189,inf,979,56.878
64,4702,inf,1113,64.655
64,2616,inf,1527,88.683
64,7261,inf,1029,59.779
64,2683,inf,1439,83.575
64,4720,inf,1082,62.855
64,1208,inf,969,56.297
64,9547,inf,389,22.635
64,2205,203738,1686,97.911
64,7588,202389,1691,98.201
64,1400,inf,446,25.943
64,6676,227729,1590,92.339
64,1244,inf,744,43.239
64,6610,223960,1618,93.964
64,206,inf,1348,78.294
64,135,inf,1407,81.718
64,3289,inf,1224,71.097
64,2553,inf,916,53.221
64,4044,216001,1664,96.634
64,41,206150,1688,98.027
64,250,inf,1362,79.106
64,8368,inf,702,40.801
64,8487,inf,142,8.299
64,1470,inf,330,19.211
64,2671,226559,1598,92.803
64,7419,inf,364,21.184
64,317,inf,1286,74.695
64,961,209114,1677,97.388
64,11102,inf,437,25.421
64,6064,inf,1364,79.222
64,638,inf,1279,74.289
64,280,inf,1315,76.378
64,9569,inf,15,0.929
64,1655,inf,174,10.157
64,8760,inf,747,43.413
64,100,211419,1661,96.460
64,553,209482,1677,97.388
64,7243,inf,1036,60.186
64,846,207446,1674,97.214
64,1053,212695,1669,96.924
64,525,inf,1250,72.606
64,10976,inf,487,28.323
64,8264,inf,1033,60.012
64,4463,inf,159,9.286
64,3481,inf,966,56.123
65,3476,inf,1017,59.083
65,11071,inf,444,25.827
65,155,inf,1390,80.731
65,1598,inf,190,11.085
65,8344,inf,708,41.149
65,2046,208746,1681,97.620
65,7393,inf,380,22.113
65,8350,inf,708,41.149
65,1325,inf,1508,87.580
65,9334,inf,149,8.706
65,1977,223767,1621,94.138
65,1059,210777,1670,96.982
65,706,inf,1022,59.373
65,8757,inf,748,43.471
65,20,214139,1669,96.924
65,2812,inf,1414,82.124
65,2057,inf,1263,73.360
65,11056,inf,445,25.885
65,11560,inf,608,35.345
65,157,inf,1390,80.731
65,762,inf,980,56.936
65,1117,inf,835,48.520
65,2620,312006,1551,90.075
65,3279,inf,1272,73.883
65,8736,inf,749,43.529
65,5687,inf,1517,88.102
65,1452,inf,334,19.443
65,2631,inf,1449,84.156
65,6812,inf,1200,69.704
65,4705,inf,1253,72.780
65,6561,217564,1645,95.531
65,1040,inf,1005,58.387
65,7241,inf,1037,60.244
65,858,226559,1597,92.745
65,10435,inf,766,44.515
65,8384,inf,700,40.685
65,1071,inf,876,50.900
65,1394,inf,1299,75.450
65,792,inf,722,41.962
65,7779,203738,1689,98.085
65,10690,inf,1531,88.915
65,1356,inf,1351,78.468
65,8481,inf,143,8.358
65,11867,inf,10,0.638
65,4571,inf,142,8.299
65,9822,inf,708,41.149
65,8348,inf,708,41.149
65,4808,inf,1024,59.489
65,8315,inf,721,41.904
65,541,204333,1689,98.085
65,2452,inf,933,54.208
65,265,inf,1330,77.249
65,2613,313311,1550,90.017
65,11870,inf,10,0.638
65,5349,inf,880,51.132
65,1189,inf,980,56.936
65,4702,inf,1114,64.713
65,2616,313311,1550,90.017
65,7261,inf,1030,59.837
65,2683,inf,1442,83.749
65,4720,inf,1083,62.914
65,1208,inf,972,56.471
65,9547,inf,389,22.635
65,2205,203738,1688,98.027
65,7588,202389,1693,98.317
65,1400,inf,447,26.001
65,6676,226691,1595,92.629
65,1244,inf,745,43.297
65,6610,223767,1621,94.138
65,206,inf,1350,78.410
65,135,inf,1411,81.950
65,3289,inf,1226,71.213
65,2553,inf,918,53.337
65,4044,215187,1667,96.808
65,41,206150,1689,98.085
65,250,inf,1364,79.222
65,8368,inf,704,40.917
65,8487,inf,142,8.299
65,1470,inf,331,19.269
65,2671,226559,1601,92.977
65,7419,inf,364,21.184
65,317,inf,1288,74.811
65,961,207879,1680,97.562
65,11102,inf,437,25.421
65,6064,inf,1366,79.338
65,638,inf,1281,74.405
65,280,inf,1317,76.494
65,9569,inf,15,0.929
65,1655,inf,174,10.157
65,8760,inf,748,43.471
65,100,210777,1663,96.576
65,553,209482,1678,97.446
65,7243,inf,1037,60.244
65,846,206413,1676,97.330
65,1053,212695,1670,96.982
65,525,inf,1252,72.722
65,10976,inf,487,28.323
65,8264,inf,1034,60.070
65,4463,inf,159,9.286
65,3481,inf,967,56.181
66,3476,inf,1018,59.141
66,11071,inf,444,25.827
66,155,inf,1392,80.847
66,1598,inf,190,11.085
66,8344,inf,709,41.207
66,2046,208746,1681,97.620
66,7393,inf,380,22.113
66,8350,inf,709,41.207
66,1325,inf,1511,87.754
66,9334,inf,149,8.706
66,1977,223581,1624,94.312
66,1059,210777,1673,97.156
66,706,inf,1023,59.431
66,8757,inf,749,43.529
66,20,214139,1669,96.924
66,2812,inf,1416,82.240
66,2057,inf,1265,73.476
66,11056,inf,445,25.885
66,11560,inf,610,35.461
66,157,inf,1392,80.847
66,762,inf,981,56.994
66,1117,inf,837,48.636
66,2620,309133,1552,90.133
66,3279,inf,1274,73.999
66,8736,inf,750,43.587
66,5687,inf,1520,88.276
66,1452,inf,335,19.501
66,2631,inf,1451,84.272
66,6812,inf,1201,69.762
66,4705,inf,1255,72.896
66,6561,217185,1648,95.705
66,1040,inf,1006,58.445
66,7241,inf,1039,60.360
66,858,226438,1602,93.035
66,10435,inf,768,44.631
66,8384,inf,701,40.743
66,1071,inf,876,50.900
66,1394,inf,1301,75.566
66,792,inf,723,42.020
66,7779,202389,1693,98.317
66,10690,inf,1535,89.147
66,1356,inf,1354,78.642
66,8481,inf,143,8.358
66,11867,inf,10,0.638
66,4571,inf,142,8.299
66,9822,inf,710,41.265
66,8348,inf,709,41.207
66,4808,inf,1026,59.605
66,8315,inf,722,41.962
66,541,204333,1691,98.201
66,2452,inf,935,54.324
66,265,inf,1332,77.365
66,2613,309133,1552,90.133
66,11870,inf,10,0.638
66,5349,inf,880,51.132
66,1189,inf,982,57.052
66,4702,inf,1115,64.771
66,2616,309133,1552,90.133
66,7261,inf,1032,59.954
66,2683,inf,1444,83.865
66,4720,inf,1084,62.972
66,1208,inf,973,56.529
66,9547,inf,389,22.635
66,2205,203738,1691,98.201
66,7588,202389,1696,98.491
66,1400,inf,448,26.059
66,6676,226559,1600,92.919
66,1244,inf,746,43.355
66,6610,223581,1624,94.312
66,206,inf,1352,78.526
66,135,inf,1415,82.182
66,3289,inf,1227,71.271
66,2553,inf,920,53.453
66,4044,215187,1668,96.866
66,41,206150,1690,98.143
66,250,inf,1366,79.338
66,8368,inf,705,40.975
66,8487,inf,142,8.299
66,1470,inf,332,19.327
66,2671,226438,1605,93.210
66,7419,inf,364,21.184
66,317,inf,1290,74.927
66,961,207733,1683,97.737
66,11102,inf,437,25.421
66,6064,inf,1368,79.454
66,638,inf,1283,74.521
66,280,inf,1319,76.611
66,9569,inf,15,0.929
66,1655,inf,174,10.157
66,8760,inf,749,43.529
66,100,210148,1665,96.692
66,553,209482,1678,97.446
66,7243,inf,1039,60.360
66,846,206157,1680,97.562
66,1053,212695,1670,96.982
66,525,inf,1254,72.838
66,10976,inf,488,28.381
66,8264,inf,1036,60.186
66,4463,inf,159,9.286
66,3481,inf,968,56.239
67,3476,inf,1019,59.199
67,11071,inf,444,25.827
67,155,inf,1394,80.963
67,1598,inf,190,11.085
67,8344,inf,710,41.265
67,2046,208746,1681,97.620
67,7393,inf,380,22.113
67,8350,inf,710,41.265
67,1325,inf,1514,87.928
67,9334,inf,149,8.706
67,1977,222398,1627,94.486
67,1059,210777,1675,97.272
67,706,inf,1025,59.547
67,8757,inf,750,43.587
67,20,214139,1669,96.924
67,2812,inf,1418,82.356
67,2057,inf,1268,73.651
67,11056,inf,445,25.885
67,11560,inf,612,35.577
67,157,inf,1394,80.963
67,762,inf,982,57.052
67,1117,inf,839,48.752
67,2620,309133,1553,90.192
67,3279,inf,1276,74.115
67,8736,inf,751,43.645
67,5687,inf,1523,88.450
67,1452,inf,336,19.559
67,2631,inf,1452,84.330
67,6812,inf,1203,69.878
67,4705,inf,1257,73.012
67,6561,217051,1650,95.821
67,1040,inf,1008,58.561
67,7241,inf,1041,60.476
67,858,226437,1606,93.268
67,10435,inf,769,44.689
67,8384,inf,702,40.801
67,1071,inf,877,50.958
67,1394,inf,1303,75.682
67,792,inf,724,42.078
67,7779,202389,1696,98.491
67,10690,inf,1540,89.437
67,1356,inf,1355,78.700
67,8481,inf,143,8.358
67,11867,inf,10,0.638
67,4571,inf,142,8.299
67,9822,inf,715,41.555
67,8348,inf,710,41.265
67,4808,inf,1028,59.721
67,8315,inf,723,42.020
67,541,204333,1692,98.259
67,2452,inf,937,54.440
67,265,inf,1334,77.481
67,2613,309133,1553,90.192
67,11870,inf,10,0.638
67,5349,inf,881,51.190
67,1189,inf,984,57.168
67,4702,inf,1118,64.945
67,2616,309133,1553,90.192
67,7261,inf,1034,60.070
67,2683,inf,1445,83.923
67,4720,inf,1086,63.088
67,1208,inf,975,56.645
67,9547,inf,389,22.635
67,2205,203738,1693,98.317
67,7588,202389,1698,98.607
67,1400,inf,449,26.117
67,6676,226438,1604,93.151
67,1244,inf,747,43.413
67,6610,222398,1627,94.486
67,206,inf,1354,78.642
67,135,inf,1418,82.356
67,3289,inf,1229,71.387
67,2553,inf,922,53.569
67,4044,215187,1668,96.866
67,41,206150,1690,98.143
67,250,inf,1367,79.396
67,8368,inf,706,41.033
67,8487,inf,142,8.299
67,1470,inf,333,19.385
67,2671,226301,1608,93.384
67,7419,inf,364,21.184
67,317,inf,1291,74.985
67,961,207733,1683,97.737
67,11102,inf,437,25.421
67,6064,inf,1369,79.512
67,638,inf,1284,74.579
67,280,inf,1321,76.727
67,9569,inf,15,0.929
67,1655,inf,174,10.157
67,8760,inf,750,43.587
67,100,209482,1666,96.750
67,553,209482,1678,97.446
67,7243,inf,1041,60.476
67,846,206150,1682,97.678
67,1053,212695,1670,96.982
67,525,inf,1256,72.954
67,10976,inf,489,28.439
67,8264,inf,1037,60.244
67,4463,inf,159,9.286
67,3481,inf,970,56.355
68,3476,inf,1021,59.315
68,11071,inf,444,25.827
68,155,inf,1395,81.021
68,1598,inf,190,11.085
68,8344,inf,711,41.323
68,2046,208746,1681,97.620
68,7393,inf,380,22.113
68,8350,inf,711,41.323
68,1325,inf,1516,88.044
68,9334,inf,149,8.706
68,1977,222323,1628,94.544
68,1059,210777,1676,97.330
68,706,inf,1027,59.663
68,8757,inf,755,43.877
68,20,214139,1669,96.924
68,2812,inf,1420,82.472
68,2057,inf,1269,73.709
68,11056,inf,445,25.885
68,11560,inf,614,35.694
68,157,inf,1395,81.021
68,762,inf,984,57.168
68,1117,inf,839,48.752
68,2620,309133,1554,90.250
68,3279,inf,1277,74.173
68,8736,inf,756,43.935
68,5687,inf,1525,88.566
68,1452,inf,337,19.617
68,2631,inf,1453,84.388
68,6812,inf,1205,69.994
68,4705,inf,1259,73.128
68,6561,216921,1651,95.879
68,1040,inf,1009,58.619
68,7241,inf,1043,60.592
68,858,225252,1609,93.442
68,10435,inf,770,44.748
68,8384,inf,703,40.859
68,1071,inf,878,51.016
68,1394,inf,1304,75.740
68,792,inf,725,42.136
68,7779,202389,1696,98.491
68,10690,inf,1544,89.669
68,1356,inf,1356,78.758
68,8481,inf,143,8.358
68,11867,inf,10,0.638
68,4571,inf,142,8.299
68,9822,inf,716,41.613
68,8348,inf,711,41.323
68,4808,inf,1028,59.721
68,8315,inf,724,42.078
68,541,204333,1693,98.317
68,2452,inf,939,54.556
68,265,inf,1335,77.539
68,2613,309133,1554,90.250
68,11870,inf,10,0.638
68,5349,inf,882,51.248
68,1189,inf,985,57.226
68,4702,inf,1120,65.061
68,2616,309133,1554,90.250
68,7261,inf,1036,60.186
68,2683,inf,1446,83.981
68,4720,inf,1089,63.262
68,1208,inf,976,56.703
68,9547,inf,389,22.635
68,2205,203738,1694,98.375
68,7588,202389,1698,98.607
68,1400,inf,450,26.175
68,6676,226438,1606,93.268
68,1244,inf,747,43.413
68,6610,222323,1628,94.544
68,206,inf,1355,78.700
68,135,inf,1421,82.530
68,3289,inf,1231,71.503
68,2553,inf,923,53.627
68,4044,215187,1668,96.866
68,41,206150,1690,98.143
68,250,inf,1368,79.454
68,8368,inf,707,41.091
68,8487,inf,142,8.299
68,1470,inf,334,19.443
68,2671,224886,1610,93.500
68,7419,inf,364,21.184
68,317,inf,1293,75.102
68,961,207733,1683,97.737
68,11102,inf,437,25.421
68,6064,inf,1370,79.571
68,638,inf,1286,74.695
68,280,inf,1322,76.785
68,9569,inf,15,0.929
68,1655,inf,174,10.157
68,8760,inf,755,43.877
68,100,209114,1667,96.808
68,553,209482,1678,97.446
68,7243,inf,1043,60.592
68,846,206150,1683,97.737
68,1053,212695,1670,96.982
68,525,inf,1258,73.070
68,10976,inf,490,28.497
68,8264,inf,1039,60.360
68,4463,inf,159,9.286
68,3481,inf,971,56.413
69,3476,inf,1023,59.431
69,11071,inf,444,25.827
69,155,inf,1396,81.080
69,1598,inf,190,11.085
69,8344,inf,712,41.381
69,2046,208746,1681,97.620
69,7393,inf,380,22.113
69,8350,inf,712,41.381
69,1325,inf,1518,88.160
69,9334,inf,149,8.706
69,1977,221137,1629,94.602
69,1059,210777,1676,97.330
69,706,inf,1029,59.779
69,8757,inf,756,43.935
69,20,214139,1669,96.924
69,2812,inf,1421,82.530
69,2057,inf,1270,73.767
69,11056,inf,445,25.885
69,11560,inf,615,35.752
69,157,inf,1396,81.080
69,762,inf,986,57.284
69,1117,inf,840,48.810
69,2620,308072,1555,90.308
69,3279,inf,1278,74.231
69,8736,inf,757,43.993
69,5687,inf,1527,88.683
69,1452,inf,337,19.617
69,2631,inf,1454,84.446
69,6812,inf,1207,70.110
69,4705,inf,1261,73.244
69,6561,216755,1652,95.937
69,1040,inf,1011,58.735
69,7241,inf,1045,60.708
69,858,224886,1610,93.500
69,10435,inf,776,45.096
69,8384,inf,706,41.033
69,1071,inf,878,51.016
69,1394,inf,1305,75.798
69,792,inf,726,42.194
69,7779,202389,1696,98.491
69,10690,inf,1547,89.843
69,1356,inf,1357,78.816
69,8481,inf,143,8.358
69,11867,inf,10,0.638
69,4571,inf,142,8.299
69,9822,inf,717,41.672
69,8348,inf,712,41.381
69,4808,inf,1030,59.837
69,8315,inf,725,42.136
69,541,204333,1693,98.317
69,2452,inf,941,54.672
69,265,inf,1336,77.597
69,2613,308072,1555,90.308
69,11870,inf,10,0.638
69,5349,inf,882,51.248
69,1189,inf,987,57.342
69,4702,inf,1121,65.119
69,2616,308072,1555,90.308
69,7261,inf,1038,60.302
69,2683,inf,1448,84.098
69,4720,inf,1090,63.320
69,1208,inf,978,56.820
69,9547,inf,389,22.635
69,2205,203738,1694,98.375
69,7588,202389,1698,98.607
69,1400,inf,451,26.233
69,6676,226437,1607,93.326
69,1244,inf,748,43.471
69,6610,221137,1629,94.602
69,206,inf,1356,78.758
69,135,inf,1422,82.589
69,3289,inf,1233,71.619
69,2553,inf,925,53.743
69,4044,215187,1668,96.866
69,41,206150,1690,98.143
69,250,inf,1370,79.571
69,8368,inf,708,41.149
69,8487,inf,142,8.299
69,1470,inf,334,19.443
69,2671,224414,1611,93.558
69,7419,inf,364,21.184
69,317,inf,1294,75.160
69,961,207733,1683,97.737
69,11102,inf,437,25.421
69,6064,inf,1371,79.629
69,638,inf,1287,74.753
69,280,inf,1323,76.843
69,9569,inf,15,0.929
69,1655,inf,174,10.157
69,8760,inf,756,43.935
69,100,209114,1668,96.866
69,553,209482,1678,97.446
69,7243,inf,1045,60.708
69,846,206150,1684,97.795
69,1053,212695,1670,96.982
69,525,inf,1259,73.128
69,10976,inf,509,29.600
69,8264,inf,1041,60.476
69,4463,inf,159,9.286
69,3481,inf,973,56.529
70,3476,inf,1025,59.547
70,11071,inf,444,25.827
70,155,inf,1397,81.138
70,1598,inf,190,11.085
70,8344,inf,713,41.439
70,2046,208746,1681,97.620
70,7393,inf,380,22.113
70,8350,inf,713,41.439
70,1325,inf,1519,88.218
70,9334,inf,149,8.706
70,1977,221134,1630,94.660
70,1059,210777,1676,97.330
70,706,inf,1030,59.837
70,8757,inf,757,43.993
70,20,214139,1669,96.924
70,2812,inf,1421,82.530
70,2057,inf,1271,73.825
70,11056,inf,445,25.885
70,11560,inf,616,35.810
70,157,inf,1397,81.138
70,762,inf,987,57.342
70,1117,inf,841,48.868
70,2620,308072,1556,90.366
70,3279,inf,1279,74.289
70,8736,inf,758,44.051
70,5687,inf,1529,88.799
70,1452,inf,337,19.617
70,2631,inf,1454,84.446
70,6812,inf,1208,70.168
70,4705,inf,1262,73.302
70,6561,216712,1653,95.995
70,1040,inf,1013,58.851
70,7241,inf,1046,60.766
70,858,224414,1611,93.558
70,10435,inf,777,45.154
70,8384,inf,707,41.091
70,1071,inf,879,51.074
70,1394,inf,1306,75.856
70,792,inf,726,42.194
70,7779,202389,1696,98.491
70,10690,inf,1549,89.959
70,1356,inf,1358,78.874
70,8481,inf,143,8.358
70,11867,inf,10,0.638
70,4571,inf,142,8.299
70,9822,inf,718,41.730
70,8348,inf,713,41.439
70,4808,inf,1032,59.954
70,8315,inf,726,42.194
70,541,204333,1693,98.317
70,2452,inf,941,54.672
70,265,inf,1337,77.655
70,2613,308072,1556,90.366
70,11870,inf,10,0.638
70,5349,inf,883,51.306
70,1189,inf,989,57.458
70,4702,inf,1122,65.177
70,2616,308072,1556,90.366
70,7261,inf,1039,60.360
70,2683,inf,1448,84.098
70,4720,inf,1091,63.378
70,1208,inf,981,56.994
70,9547,inf,389,22.635
70,2205,203738,1694,98.375
70,7588,202389,1698,98.607
70,1400,inf,452,26.291
70,6676,226301,1608,93.384
70,1244,inf,749,43.529
70,6610,221134,1630,94.660
70,206,inf,1357,78.816
70,135,inf,1423,82.647
70,3289,inf,1234,71.677
70,2553,inf,927,53.860
70,4044,215187,1668,96.866
70,41,206150,1690,98.143
70,250,inf,1371,79.629
70,8368,inf,709,41.207
70,8487,inf,142,8.299
70,1470,inf,334,19.443
70,2671,224093,1612,93.616
70,7419,inf,364,21.184
70,317,inf,1295,75.218
70,961,207733,1683,97.737
70,11102,inf,437,25.421
70,6064,inf,1372,79.687
70,638,inf,1288,74.811
70,280,inf,1324,76.901
70,9569,inf,15,0.929
70,1655,inf,174,10.157
70,8760,inf,757,43.993
70,100,209114,1669,96.924
70,553,209482,1678,97.446
70,7243,inf,1046,60.766
70,846,206150,1685,97.853
70,1053,212695,1670,96.982
70,525,inf,1260,73.186
70,10976,inf,509,29.600
70,8264,inf,1043,60.592
70,4463,inf,159,9.286
70,3481,inf,975,56.645
